oid,otype,morph_type,rvz_redshift,B,V,u_,g_,r_,i_,z_
545553,Sy1,SAB,0.03664,16.46,16.08,16.047,15.192,14.626,14.314,14.093
543916,Sy1,SA,0.008506,13,14,15.442,13.759,12.894,12.659,12.168
1672999,Sy1,?...,0.16012,16.73,16.55,16.5957,16.4445,16.4036,16.0995,16.252
4495329,Sy1,S0/a,0.08378,17.62,17.2,17.33,16.463,15.809,15.327,15.107
2210181,Sy1,cG,0.05018,17.57,17.13,17.394,16.553,16.221,15.727,15.673
1845232,Sy2,?rs...,0.02074,17.52,16.71,16.506,14.951,14.244,13.885,13.611
1445445,Sy1,cG,0.066,15.02,14.66,15.137,14.895,14.501,14.036,13.969
541243,Sy2,E,0.20697,19.9,18.99,20.307,18.498,17.144,16.615,16.309
1658287,Sy1,E:,0.08583,17.37,16.95,17.5214,16.8908,16.5206,15.6957,15.8332
1797803,Sy1,?...,0.14373,16.32,16.12,16.0283,15.8959,15.7893,15.2849,15.5829
2816187,Sy1,S0/a,0.03595021,16.63,15.78,16.42,15.536,14.839,14.481,14.192
394538,Sy2,E/S0,0.038049188,15.57,14.58,16.891,15,14.387,13.937,13.689
1036347,Sy2,SB,0.02335,14.9,14.08,16.105,14.698,14.079,13.748,13.54
1105770,Sy2,E/S0,0.06484,20,19.62,17.422,15.612,14.715,14.253,13.998
1022241,Sy2,SA_B_a,0.02674,17.05,16.36,15.856,14.159,13.377,12.99,12.695
1629670,Sy1,1,0.03322,16.23,15.82,15.825,14.797,14.131,13.737,13.435
1750502,Sy1,E,0.04753,17.18,17.01,16.843,16.595,16.522,16.075,16.08
504035,Sy1,E/S0,0.061,15.88,15.77,15.4292,15.5204,15.5745,15.2195,15.4204
1846173,Sy1,SB0,0.06871,16.77,16.5,16.444,16.074,15.796,15.233,15.266
2181223,Sy2,S,0.00873,17.8,16.5,15.252,13.612,12.144,11.605,11.22
545960,Sy1,E/S0,0.073,20.82,19.87,15.1556,15.0614,15.0474,14.5565,14.7223
362690,Sy2,S,0.1194,19.16,18.36,18.502,16.824,15.845,15.383,15.047
1642620,Sy1,0,0.0213,16.7,16.18,16.283,14.953,14.28,13.94,13.668
1369375,Sy2,Sb,0.07154,19.74,18.85,18.78,17.035,16.035,15.461,15.077
2257986,Sy2,Sc,0.02569,18.52,17.83,18.421,16.7,15.827,15.381,15.047
1137892,Sy2,S0-Sa,0.05819,17.95,17.33,17.99,16.346,15.587,15.171,14.858
1607373,Sy2,S0-Sa,0.04825,18.56,17.83,18.983,17.233,16.323,15.847,15.466
1936424,Sy2,SAB_x,0.008424623,11.76,11.02,13.528,12.301,11.585,11.191,10.85
1432046,Sy2,SB,0.007967227,11.6,10.85,14.454,12.851,11.951,11.513,11.045
2269570,Sy1,?...,0.36361,15.96,16,16.6355,16.6002,16.6048,16.6875,15.9664
2285316,Sy1,Sa/E,0.02959,12.7,15.3,16.454,15.2,14.67,14.327,14.077
1388066,Sy2,Irr,0.13904,20.16,19.48,20.062,18.388,17.613,17.15,16.806
3775765,Sy1,Sap,0.961,23.873,23.174,25.34,22.844,22.6573,22.286,20.8651
2006016,Sy1,Sd,0.02744,19.02,17.95,16.346,14.955,14.255,13.877,13.618
2632615,Sy1,Sb,0.09324,18.77,18.17,18.721,17.308,16.634,16.245,15.983
1386808,Sy2,S0,0.03725,19.31,18.7,19.16,17.624,16.857,16.474,16.196
1725468,Sy1,Sb,0.14256,19.04,18.32,18.813,17.661,16.747,16.266,15.838
1762369,Sy1,Sab,0.11993,17.77,17.53,17.133,16.954,16.716,16.249,16.34
7840996,Sy1,S0+,0.11557,18.05,17.35,19.25,17.771,16.884,16.45,16.153
507491,Sy2,S,0.00361,11.54,10.86,14.157,12.594,11.66,12.212,11.492
1765811,Sy2,SABc,0.002260784,11.11,10.53,14.447,12.55,11.776,11.315,11.056
466298,Sy2,SB,0.002915,13.68,12.7,14.175,12.374,11.544,11.115,10.803
983677,Sy2,Sb,0.01547,17.01,16.26,15.254,13.473,12.571,12.093,11.743
1107941,Sy1,Sb,0.02866,15.01,14.12,16.042,14.452,13.633,13.23,12.882
1372414,Sy1,Sc,0.03384,17.87,17.32,15.937,14.674,14.032,13.654,13.384
1105814,Sy2,-2,0.02661,15.5,14.72,16.996,15.139,14.274,13.837,13.527
1786677,Sy1,SBc,0.04217,17.81,17.2,16.411,15.058,14.37,13.976,13.679
490144,Sy1,1.5,0.02502,17.61,16.92,16.56,14.82,13.948,13.558,13.196
1395290,Sy2,SBb,0.05896,19.01,18.26,19.093,17.359,16.516,16.103,15.806
585135,Sy1,S,0.06385,15.88,15.34,17.145,15.756,15.097,14.741,14.449
1828184,Sy2,S_AB,0.0501,19.1,18.4,17.312,15.837,15.207,14.838,14.608
1691995,Sy1,Sb,0.01498,17.008,18.59,17.752,16.72,16.372,16.214,16.107
2759529,Sy1,SB_a,0.03576,16.15,15.51,16.407,15.642,15.12,14.855,14.65
4495373,Sy1,Sb,0.07288,18.64,18.06,18.211,17.084,16.393,15.945,15.664
1847841,Sy2,SA_B,0.028597,17.89,17.16,16.347,14.561,13.789,13.378,13.059
434630,Sy2,SA,-0.00012,7.89,6.94,11.673,9.635,8.708,8.373,7.921
1802855,Sy1,SBb,0.03241,18.15,17.57,17.428,15.835,15.089,14.698,14.382
442025,Sy2,S,0.0584,19.94,19.31,17.818,16.49,15.885,15.566,15.362
2109075,Sy2,SB,0.05792,18.69,18.02,18.743,17.006,16.214,15.814,15.535
2077068,Sy1,E...,0.44933,19.28,19.15,19.1048,18.8434,18.9354,18.6879,18.4485
5058070,Sy2,SBb,0.05874,16.16,15.58,17.614,16.02,15.211,14.758,14.415
2305434,Sy2,1,0.03336,17.95,17.26,17.668,15.942,15.166,14.76,14.406
1454954,Sy1,E/S0,0.04533,17.37,16.88,16.448,15.425,14.892,14.524,14.276
2055514,Sy2,SBb,0.04691,18.28,17.6,17.701,15.902,15.131,14.743,14.438
448577,Sy2,S,0.04298,19.18,18.51,17.28,15.786,15.12,14.759,14.467
1829781,Sy2,Sc,0.07292,19.25,18.5,18.819,17.014,16.141,15.627,15.244
1733576,Sy1,SD...,0.01856,14.5,14.62,15.827,15.031,14.667,14.632,14.467
1751851,Sy2,SBb,0.05496,18.3,17.61,17.51,15.901,15.048,14.605,14.297
482366,Sy1,Sp,0.677,23.0371,22.821,22.461,22.401,21.8835,21.879,20.3881
1907382,Sy1,E,0.17529,20.1,21,20.16,19.498,18.614,18.158,17.98
1606686,Sy2,Sab-Scd,0.05345,19.5,18.79,19.02,17.309,16.541,16.03,15.693
2063848,Sy1,Sc,0.06724,18.56,18.14,16.946,15.946,15.381,15.018,14.773
1642606,Sy2,Sbc,0.01239,12.74,12.05,15.272,13.382,12.717,12.304,11.96
2212177,Sy2,SA,0.01158,13.26,12.48,14.69,13.079,12.206,11.709,11.3
1646862,Sy1,SBb,0.05073,18.27,17.68,18.269,16.745,16.019,15.649,15.351
1753754,Sy2,SBb,0.05951,19.14,18.43,18.281,16.856,16.165,15.766,15.479
1395742,Sy2,Sb,0.04172,17.72,17.02,17.712,15.918,15.087,14.66,14.369
609478,Sy2,SAB,0.0016,9.14,8.41,12.504,10.917,10.098,9.658,9.382
458353,Sy1,?...,0.21028,19.14,18.56,19.2132,18.7863,18.0622,17.5717,17.473
2941052,Sy1,S/Irr,0.02851,17.19,16.74,16.209,15.303,14.776,14.52,14.266
1913628,Sy2,Sc(dSc),0.005237328,10.18,9.65,13.91,12.331,11.424,10.977,10.68
2664073,Sy1,S0,0.08664,17.46,16.8,18.886,17.362,16.452,16.016,15.716
1376165,Sy2,Sb,0.07858,19.07,18.33,18.659,16.872,15.964,15.503,15.093
1614546,Sy2,Sb,0.03535,15.7,15.2,16.66,15.336,14.693,14.267,13.92
642661,Sy2,S,0.03567,19.05,18.43,17.591,16.195,15.55,15.208,14.913
1396955,Sy1,S,0.04669,18.25,17.6,17.15,15.715,15.045,14.7,14.437
5319598,Sy2,E...,0.28433,19.72,19.03,19.232,18.288,17.378,17.06,16.745
2726722,Sy1,3,0.03039,17.36,16.84,16.026,14.908,14.283,13.928,13.674
1671737,Sy1,E,0.24074,15.81,15.68,15.4746,15.3765,15.4669,15.2538,15.2285
2302819,Sy1,Sb,0.1203,19.76,19.29,18.039,17.166,16.62,16.239,16.051
2027741,Sy2,SB:,0.02496,14.8,14.15,16.318,14.522,13.664,13.215,12.891
529836,Sy2,2.3,0.03734,15.68,14.91,16.338,14.878,14.24,13.822,13.529
7842604,Sy1,Sd,0.0946,19.26,18.58,17.406,16.175,15.447,15.027,14.717
2665591,Sy2,Sb,0.09488,19.48,18.69,19.36,17.742,16.748,16.248,15.913
1642710,Sy2,E/S0,0.02443,15.41,14.53,16.619,15,14.315,13.977,13.706
510810,Sy2,S0+,0.02959,18.87,18.25,17.791,16.188,15.428,15.066,14.793
465312,Sy2,Sb,0.114,19.08,18.3,19.247,17.47,16.601,16.19,15.857
2712698,Sy1,SBa,0.0334,15.63,14.94,15.879,14.671,14.003,13.638,13.335
1696775,Sy2,Sab,0.204,19.75,19.03,18.788,17.498,16.57,16.131,15.848
1861726,Sy2,Sbc,0.08161,17.55,16.68,18.593,17.239,16.558,16.073,15.884
2051198,Sy2,S0-,0.07115,16.85,16.16,18.634,16.632,15.76,15.333,15.012
2109084,Sy2,Sab,0.08267,18.94,18.26,18.825,17.193,16.358,15.928,15.628
5319602,Sy2,Sa,0.13822,18.95,18.19,18.952,17.395,16.456,16.033,15.789
581430,Sy2,Sb,0.0794,16.65,16.06,17.769,16.437,15.618,15.213,14.884
2633769,Sy2,Sab,0.04987,19.49,18.82,18.726,17.215,16.498,16.064,15.736
415604,Sy2,Sab,0.062,18.56,17.88,18.622,16.86,16.083,15.673,15.392
1638769,Sy1,S0,0.01997,17.24,16.3,16.452,14.876,14.109,13.769,13.494
548900,Sy2,Sab,0.017864,14.171,13.307,15.779,13.951,13.146,12.759,12.459
2882477,Sy1,SB,0.03102,15.69,15.06,15.658,14.615,14.047,13.671,13.358
2679043,Sy1,SBa,0.03557,16.7,16.26,16.265,15.132,14.457,14.115,13.841
2679193,Sy1,Sa,0.04203,17.74,17.14,17.294,15.853,15.096,14.69,14.386
1631255,Sy1,Sa/E,0.02878,15.15,14.6,15.746,14.624,14.05,13.744,13.507
569769,Sy2,2,0.02646,15.5,14.61,16.486,14.782,14.124,13.808,13.515
664409,Sy2,S,0.05226,18.43,17.78,17.632,15.972,15.216,14.766,14.394
2109357,Sy1,S,0.01934,14.6,14.73,15.623,14.416,13.681,13.34,13.016
1861719,Sy1,Sc,0.08355,19.29,18.58,18.685,17.069,16.234,15.806,15.477
464365,Sy1,SA,0.005,17.55,16.89,14.992,13.455,12.777,12.439,12.229
2301274,Sy1,Sb,0.07547,18.95,18.31,17.769,16.519,15.752,15.307,15.031
473272,Sy1,Sab,0.10855,18.5,18.02,17.86,17.14,16.54,15.999,15.844
633546,Sy2,E+A,0.03784,19.84,19.19,21.43,19.402,18.629,18.3,17.927
2914008,Sy1,Sc,0.04113,16.23,15.75,17.284,16.064,15.48,15.158,14.917
2268049,Sy1,Sc,0.0551,17.8,16.99,17.177,15.841,15.184,14.802,14.551
589095,Sy1,S0+,0.162788,17.52,17.28,17.1885,17.1317,17.0635,16.7814,16.8058
443687,Sy1,S,0.07366,18.49,17.77,16.524,15.449,14.828,14.435,14.189
442496,Sy2,E,0.06026,17.82,17.05,17.439,15.475,14.456,14.003,13.705
444828,Sy1,Sp,0.03892,17.36,16.78,16.756,15.48,14.751,14.375,14.078
1694274,Sy1,E,0.09443,19.37,18.85,20.073,19.172,18.58,18.149,17.955
4495428,Sy1,S0/a,0.08952,17.91,17.43,17.495,16.783,16.18,15.755,15.521
1392117,Sy1,S,0.11435,17.14,17.1,18.974,17.976,17.571,17.238,17.141
458800,Sy2,S0+,0.10986,18.65,18.03,19.003,17.578,16.836,16.417,16.176
2780263,Sy1,Sab,0.13449,18.05,17.71,17.488,17.201,16.71,16.282,16.11
2885165,Sy1,S,0.07238,18.09,17.63,17.184,16.188,15.556,15.169,14.926
2238479,Sy2,S0-Sa,0.05288,18.14,17.53,18.469,16.711,15.972,15.565,15.3
1890721,Sy1,SA,0.01948,16.31,15.89,15.51,14.83,14.328,14.102,13.898
5535804,Sy1,Sab,0.14119,17.5,16.89,18.17,17.271,16.527,16.106,15.875
465403,Sy2,SA,0.02646,18.97,18.43,16.504,15.193,14.607,14.275,14.11
5319635,Sy2,E/S0,0.46169,22.34,20.8,23.194,20.284,18.666,17.839,17.322
1944054,Sy2,SA,0.02514,18.12,17.45,16.254,14.869,14.162,13.789,13.533
2861340,Sy1,Sc,0.05922,15.94,15.41,17.165,15.728,15.007,14.535,14.238
1829844,Sy2,SA,0.04641,16.7,15.82,16.501,15.156,14.568,14.205,13.994
2664804,Sy2,Sa,0.03869,17.99,17.28,17.958,16.142,15.304,14.909,14.571
1857262,Sy2,SA_B,0.03151,15.39,14.39,16.088,14.525,13.809,13.381,13.058
2895868,Sy2,Sbc,0.121,19.39,18.68,18.708,17.224,16.403,15.97,15.641
491591,Sy2,SAB,0.03094,18.28,17.6,16.25,14.635,13.878,13.465,13.133
7842973,Sy1,SBb,0.04058,18.4,17.84,17.022,15.664,14.907,14.498,14.228
1725814,Sy1,?...,0.1688,17.5,17.1,17.1691,17.2015,17.0194,16.7382,16.6849
983106,Sy2,Scd,0.07774,19.59,18.74,19.06,17.082,16.125,15.581,15.209
2943144,Sy1,S0/a,0.06146,17.68,17.14,17.442,16.492,15.82,15.406,15.123
2944139,Sy1,S0+,0.04931,18.32,17.69,17.835,16.295,15.59,15.229,14.965
2913493,Sy1,Sa,0.06811,18.74,18.07,18.16,16.391,15.596,15.113,14.789
1827673,Sy2,SAB,0.04981,18.89,18.2,17.381,15.861,15.139,14.772,14.476
394286,Sy1,S:,0.148,14.3,15.5,14.579,14.378,14.339,14.148,14.283
440665,Sy2,2.5,0.03142,16.88,16.23,16.28,14.533,13.787,13.41,13.16
2109211,Sy2,SBb,0.03935,18.68,18.01,16.935,15.449,14.752,14.353,14.073
2185660,Sy2,Sc,0.04461,17.01,16.08,18.26,16.47,15.551,15.045,14.649
477006,Sy1,SB,0.05219,17.12,16.8,16.363,15.507,14.985,14.587,14.359
2214022,Sy2,E,0.06073,16.31,15.3,17.323,15.627,14.818,14.366,14.042
2255949,Sy2,S0-Sa,0.056,19.18,18.45,19.143,17.452,16.631,16.17,15.805
2166554,Sy1,E:,0.21582,19.08,18.49,19.1687,18.8539,18.2586,17.7273,17.6454
441119,Sy1,E4,0.03311,17.93,17.56,17.695,16.244,15.736,15.186,14.878
2664791,Sy1,Sa,0.137,19.41,18.61,18.856,17.133,16.154,15.693,15.374
1808456,Sy2,SB,0.02587,18.28,17.62,17.253,15.671,14.936,14.567,14.239
2138467,Sy2,-3,0.07545,17.72,17,17.847,15.886,14.942,14.494,14.173
417266,Sy2,Sa,0.063,18.9,18.31,18.728,17.495,16.798,16.383,16.106
683770,Sy2,1,0.02167,17.32,16.63,16.453,14.814,14.033,13.619,13.318
1319415,Sy2,4,0.09472,19.56,18.74,18.626,16.081,15.248,14.892,14.58
2833359,Sy2,Sc,0.03054,16.98,15.88,18.413,16.486,15.56,15.075,14.679
4909179,Sy2,SBb,0.0287,17.83,16.84,16.593,14.873,14.093,13.699,13.455
7842021,Sy1,S0/a,0.06178,18.33,17.69,17.683,16.292,15.482,15,14.66
1397772,Sy1,Scd,0.028632608,18.7,18.31,16.977,16.047,15.682,15.499,15.319
2154003,Sy1,E...,0.1143,19.83,19.16,18.8,17.69,16.898,16.505,16.255
632783,Sy1,Sbc,0.02388,18.33,17.88,16.709,15.689,15.153,14.882,14.639
588158,Sy2,1,0.06996,18.36,17.7,17.682,15.935,15.1,14.685,14.386
2185911,Sy1,E,0.07667,16.45,15.93,16.856,16.235,15.876,15.497,15.423
358749,Sy2,S,0.07918,19.75,19.05,19.63,17.808,17.003,16.565,16.232
2779399,Sy2,Sb,0.03862,15.32,14.81,16.674,15.331,14.679,14.301,13.991
353083,Sy2,1,0.0282,17.92,17.2,17.764,15.905,15.02,14.571,14.244
2126694,Sy2,E...,0.02344,16.47,15.68,17.471,16.117,15.519,15.189,14.94
2124526,Sy2,E...,0.092668,17.512,16.68,19.067,17.197,16.288,15.867,15.559
361970,Sy1,Sb,0.05416,16.13,15.51,17.701,15.78,15.015,14.611,14.335
363418,Sy2,2,0.0542,18.21,17.5,17.836,16.143,15.323,14.912,14.584
338156,Sy2,3,0.02752,17.19,16.57,16.655,15.077,14.336,13.974,13.67
494939,Sy2,1,0.04955,18.52,17.72,17.632,15.823,14.887,14.402,13.976
2076388,Sy1,E...,0.17229,19.5,18.92,18.61,17.928,17.17,16.896,16.454
2665188,Sy2,0,0.06423,18.14,17.61,17.57,16.2,15.547,15.129,14.891
1340232,Sy2,0,0.02859,17.69,17.05,17.246,15.758,15.035,14.648,14.35
1373159,Sy1,SBa,0.05435,17.04,16.78,15.907,15.077,14.706,14.307,14.143
544771,Sy1,Sab,0.1218,18.74,18.22,18.068,17.451,16.837,16.371,16.152
2077078,Sy2,Sab,0.07293,16,15.83,17.298,15.76,14.945,14.527,14.233
541491,Sy2,SB,0.05422,19.19,18.54,18.839,17.17,16.42,16.02,15.734
458244,Sy2,Irr,0.14528,19.89,19.17,20.204,18.634,17.703,17.19,16.835
1329884,Sy2,S,0.08491,16.04,15.12,17.495,15.964,15.168,14.774,14.43
466036,Sy1,Sa,0.01377,16,16.98,16.095,15.523,15.295,15.326,15.216
5752839,Sy2,Sa,0.06191,16.84,16.29,18.192,16.626,15.867,15.453,15.176
1327590,Sy1,SA,0.02961,14.33,13.48,15.704,13.924,13.115,12.713,12.359
1938908,Sy2,E-E/S0,0.00317,13.21,12.17,12.469,10.413,9.544,9.074,8.835
2894863,Sy1,-0.9,0.03097,17.72,16.98,16.234,14.414,13.534,13.058,12.675
1138190,Sy2,Sb,0.03471,19.7,18.9,18.92,17.127,16.227,15.697,15.225
338837,Sy2,-2,0.02787,16.62,15.95,16.466,14.627,13.773,13.32,12.979
509443,Sy2,Sa,0.05955,18.52,17.82,18.633,16.932,16.175,15.745,15.41
642263,Sy2,Sb,0.08447,19.57,18.79,19.41,17.605,16.668,16.161,15.758
3788279,Sy2,S0,0.12617,16.7,15.95,18.08,16.38,15.304,14.778,14.414
505416,Sy1,cG,0.18835,17.49,17.27,17.1336,17.2127,17.1752,16.8449,16.9533
625650,Sy2,Sb,0.03473,18.93,18.21,18.35,16.53,15.644,15.167,14.783
496542,Sy2,SBb,0.0342,16.34,15.52,17.59,15.985,15.247,14.854,14.544
2257990,Sy2,Sa,0.04986,18.49,17.75,18.519,16.79,15.948,15.501,15.14
2289591,Sy2,2,0.08263,18.39,17.61,17.816,16.016,15.075,14.609,14.269
1868132,Sy2,SA_B_a,0.04735,17.18,16.3,17.304,15.78,15.065,14.687,14.35
2257987,Sy2,Sc,0.05353,19.53,18.69,18.024,16.262,15.305,14.774,14.356
358751,Sy2,E,0.02663,17.97,17.3,17.567,15.865,15.017,14.584,14.223
2943399,Sy1,S0,0.04736,16.81,16.17,18.296,16.647,15.861,15.494,15.204
1428082,Sy2,Sab,0.05258,16.55,16.05,18.098,16.813,16.134,15.712,15.427
1658701,Sy1,SBa,0.04099,17.77,16.73,17.059,15.286,14.46,14.049,13.734
1375738,Sy2,SA,0.02007,17.25,16.54,15.673,13.806,13.027,12.646,12.342
1770024,Sy2,SBb,0.03942,14.97,14.38,16.318,14.757,13.938,13.478,13.157
2273189,Sy2,Sab,0.11153,19.35,18.59,19.31,17.675,16.793,16.354,16.017
2110963,Sy1,S,0.04881,17.011,18.88,17.869,16.86,16.538,16.316,16.186
1367271,Sy2,S,0.07154,19.35,18.6,17.328,15.939,15.232,14.839,14.559
1826272,Sy1,Sb,0.0909,18.66,17.98,18.435,16.949,16.12,15.703,15.407
1768718,Sy1,S0,0.03405,17.6,17.11,17.605,16.388,15.892,15.556,15.316
2291641,Sy2,Sb,0.03703,19.16,18.53,17.288,15.921,15.296,14.927,14.657
1373029,Sy2,Sb,0.01592435,15.76,14.95,17.423,16.86,16.869,16.83,17.802
2664315,Sy2,Sa,0.03593,19.01,18.35,18.19,16.536,15.679,15.333,15.15
1660250,Sy2,S,0.05122,19.1,18.29,17.505,15.919,15.16,14.735,14.405
1886751,Sy1,Sc,0.02078,18.06,17.54,15.686,14.153,13.403,13.033,12.78
2156660,Sy2,S0,0.04039,15.6,14.66,16.208,14.623,13.882,13.476,13.201
1365882,Sy2,SA_a,0.029313613,14.53,14.6,16.089,14.052,13.163,12.716,12.38
1914728,Sy2,S,0.10024,19.35,18.73,19.39,17.887,17.099,16.66,16.393
511863,Sy1,3,0.13233,18.12,17.72,17.32,16.812,16.171,15.69,15.416
4740205,Sy1,E,0.0546,18.3,17.59,17.568,15.84,14.92,14.359,14.11
2885150,Sy2,Sbc,0.0375,19,18.16,16.893,15.399,14.721,14.353,14.109
1390525,Sy2,S,0.06745,19.72,19.15,18.299,17.068,16.508,16.165,15.98
1607000,Sy2,Sc,0.13045,19.98,19.06,19.16,17.433,16.408,15.916,15.46
2833307,Sy2,E,0.05422,17.05,15.87,18.312,16.395,15.526,15.105,14.761
2762960,Sy1,Sab,0.08409,19.06,18.37,18.323,17.168,16.384,15.926,15.614
2777219,Sy1,S,0.22941,17.61,17.33,17.0554,17.1871,17.0122,16.6147,16.7248
1995112,Sy2,S,0.08132,19.27,18.56,19.709,17.858,16.939,16.457,16.135
4494896,Sy1,SBb,0.04264,18.45,17.89,17.093,15.937,15.238,14.813,14.519
1037252,Sy2,0.1,0.03231,14.79,14.19,16.262,14.608,13.819,13.394,13.066
340945,Sy2,Sb,0.08019,18.53,17.86,18.548,16.855,16.029,15.598,15.292
2168467,Sy1,S,0.02242,16.86,16.41,17.207,16.438,16.146,16.033,15.909
1509386,Sy2,SBa,0.024890001,14.95,14.1,15.728,14.329,13.603,13.246,12.923
2678724,Sy1,Sc,0.03852,17.61,17.05,16.456,15.092,14.413,14.003,13.676
6157236,Sy1,S,0.48359,21.909,21.894,23.2142,22.0692,21.3576,21.1373,21.0922
1338915,Sy1,4,0.042709547,14.64,14.28,14.915,14.443,13.979,13.597,13.382
2301434,Sy1,Sa,0.06449,15.01,15.01,15.945,15.5513,15.4093,15.0854,15.1714
1389422,Sy2,SBa,0.0349,15.01,14.09,15.84,14.472,13.769,13.38,13.086
1659626,Sy1,Sb,0.07405,15.87,15.33,16.846,15.558,14.891,14.414,14.148
1712812,Sy1,Sb,0.04382,15.3,17.5,16.961,15.627,14.953,14.563,14.3
361894,Sy1,?...,0.37152,15.65,15.4,15.634,15.4372,15.2475,15.1998,14.8387
1906643,Sy2,Sc,0.0477,15.97,15.09,17.281,15.528,14.91,14.524,14.267
1616918,Sy1,-0.4,0.029,14.82,14.2,15.729,14.749,14.032,14.107,13.422
1105088,Sy1,S,0.06557,18.3,17.72,17.452,16.259,15.517,15.09,14.806
1975056,Sy1,3,0.05391,16.21,15.7,17.344,15.986,15.26,14.851,14.546
51682,Sy1,ABb,0.04717,16.55,16,17.991,16.732,15.965,15.525,15.175
493597,Sy2,Sa,0.05324,18.65,17.85,17.57,15.773,14.921,14.443,14.098
2796163,Sy1,S0,0.03787,15.4,14.43,16.435,15.185,14.707,14.292,13.989
6103291,Sy1,S,0.05997,16.48,15.9,17.79,16.35,15.633,15.248,14.949
1882915,Sy2,S0+,0.02262,15.43,14.44,16.363,14.552,13.741,13.334,12.986
1906103,Sy2,S0,0.01343,14.3,13.64,15.762,14.061,13.347,12.988,12.784
475989,Sy2,E0A,0.009745865,16.8,16.14,15.5,13.661,12.858,12.464,12.155
1655364,Sy1,Sb,0.04691,17.95,17.43,16.878,15.802,15.128,14.74,14.458
1338181,Sy2,Sb,0.04157,17.35,16.83,16.071,14.78,14.122,13.731,13.456
1629749,Sy1,S0/a,0.02642,16.99,16.25,16.13,14.255,13.367,12.911,12.589
2257988,Sy2,S,0.05439,19.09,18.46,18.025,16.627,15.999,15.649,15.421
1527763,Sy2,SB,0.022822646,14.57,13.53,16.778,14.865,13.86,13.361,12.908
1322079,Sy2,1,0.06701,16.19,12.34,17.264,15.655,14.85,14.405,14.091
1367786,Sy1,S0,0.02196,17.39,18.7,18.635,17.081,16.413,16.064,15.798
1336582,Sy1,SBb,0.04081,15.16,14.7,16.467,15.155,14.521,14.155,13.886
1336586,Sy2,cG,0.06995,16.17,15.56,17.076,15.881,15.212,14.755,14.503
2277174,Sy2,S,0.08605,18.9,18.19,18.631,16.935,16.107,15.672,15.368
1372326,Sy2,SBb,0.04617,18.22,17.51,17.084,15.388,14.572,14.16,13.855
2941051,Sy1,Sa,0.0378,17.81,17.34,16.505,15.361,14.711,14.343,14.049
2108328,Sy2,S,0.09618,18.81,18.09,18.836,17.396,16.499,16.005,15.721
2134280,Sy2,S0,0.08501,17.97,17.56,17.595,16.424,15.847,15.472,15.293
2884268,Sy1,Sb,0.03416,15.83,15.42,16.637,15.557,15.048,14.757,14.523
2198861,Sy1,S0,0.03288,16.75,16.23,16.804,15.61,14.954,14.611,14.338
1733577,Sy2,SA_B,0.018885916,14.6,14.18,16.408,14.582,13.749,13.36,13.074
1377178,Sy2,E+A,0.04886,18.37,17.95,19.211,17.721,17.278,17.036,16.855
2213030,Sy2,SA_B_a,0.02608,14.8,12.78,15.956,14.322,13.47,13.06,12.792
1847978,Sy1,S,0.0904,18.317,19.53,19.225,18.121,17.755,17.38,17.67
2291639,Sy2,S,0.07852,18.93,18.12,17.207,15.588,14.725,14.289,13.967
1783384,Sy2,Sb,0.03021,15.5,14.44,16.775,14.903,14.106,13.658,13.348
1743274,Sy1,SBb,0.03565,17.62,17.03,16.05,14.691,13.932,13.532,13.289
512274,Sy1,0,0.12708,19.54,18.77,18.347,16.613,15.528,15.028,14.684
474366,Sy2,SA,-0.001410135,13.51,12.55,13.852,12.019,11.247,10.833,10.587
1106506,Sy2,SAB,0.01157,13.27,12.72,15.194,13.057,12.221,11.808,11.47
1843919,Sy2,S,0.021935175,14.68,13.59,15.952,14.178,13.381,12.986,12.662
2941302,Sy1,E2,0.0331,17.04,16.61,17.018,15.884,15.308,15.001,14.759
1390634,Sy2,Im,0.056489,17.5,16.4,18.321,16.745,16.385,15.828,15.622
2066681,Sy1,SA,0.00289,11.01,12.03,13.625,11.837,10.878,10.368,10.001
2648174,Sy2,dSphn,0.005,20.51,20.01,19.03,17.63,16.997,16.73,16.8
2276336,Sy1,S,0.10281,17.931,18.84,18.414,17.546,17.198,16.878,16.818
2758888,Sy2,S0a,0.02964,14.6,14.27,16.097,14.311,13.507,13.096,12.807
517259,Sy1,S...,0.472,20.04,19.85,20.2535,19.8996,19.9089,19.5742,19.3439
1527229,Sy2,E4,0.022259579,14.57,13.6,16.74,14.675,13.822,13.296,12.956
1369943,Sy1,SBb,0.05954,18.42,17.79,18.085,16.479,15.709,15.271,15.002
545569,Sy1,S,0.12025,18.41,17.88,17.549,16.618,15.873,15.38,15.176
2877263,Sy2,Sb,0.07243,16.56,15.66,17.451,15.943,15.131,14.646,14.383
2883383,Sy1,S0+,0.02784,18.17,17.35,15.857,14.36,13.663,13.33,13.07
1801796,Sy1,S0,0.02338,15.85,15,16.693,15.233,14.545,14.191,13.901
1843891,Sy2,S...,0.01688,13.47,12.67,15.681,13.738,12.897,12.463,12.155
1138198,Sy2,SBb,0.04148,18.25,17.52,16.81,15.258,14.486,14.054,13.751
1620344,Sy2,Sab-Scd,0.05614,19.62,18.98,19.024,16.951,16.684,16.282,15.995
1956747,Sy1,cD,0.19852,18.33,17.77,20.023,17.529,16.231,15.729,15.42
1386971,Sy2,5,0.02325,17.96,17.24,17.094,15.422,14.581,14.114,13.733
1659616,Sy2,SD...,0.02486,18.06,17.38,16.173,14.508,13.723,13.309,13.021
2878021,Sy1,2,0.07717,18.7,18.12,17.619,16.532,15.912,15.467,15.276
1454360,Sy2,S,0.03794,18.56,17.97,17.313,16.021,15.41,15.064,14.788
2232387,Sy2,Sb,0.06372,16.09,15.23,17.229,15.609,14.878,14.451,14.135
1022210,Sy2,Sab,0.01546,14.24,13.26,16.13,14.224,13.396,12.964,12.691
589463,Sy1,S,0.06206,18.2,17.57,17.33,16.268,15.66,15.222,15.029
1396959,Sy2,3,0.05405,18.54,17.78,17.46,15.701,14.855,14.388,14.042
568202,Sy1,S,0.29592,19.52,18.96,19.1558,19.0905,18.5269,18.2258,17.7193
1927927,Sy2,SAB,0.001054619,10.54,10.11,15.356,14.548,14.011,13.724,13.71
1942575,Sy2,SA,0.00708,14.21,13.37,15.083,13.433,12.637,12.237,11.968
2150053,Sy2,S,0.01982,20.08,19.64,15.05,13.866,13.28,12.965,12.765
1847475,Sy2,Sc,0.12,19.91,19.07,19.13,17.108,16.09,15.564,15.132
2168276,Sy2,Ir...,0.05416,18.58,18.28,17.04,15.72,17.779,17.183,14.559
2168429,Sy1,Sa,0.02204,16,16.07,17.036,16.147,15.874,15.75,15.618
459235,Sy2,S0,0.063,16.88,15.94,18.233,16.426,15.555,15.163,14.848
2678604,Sy1,Sb,0.0377,18.02,17.38,17.008,15.623,14.882,14.51,14.193
2794932,Sy1,SA_B,0.03516,17.63,17,16.554,15.068,14.255,13.847,13.522
2123939,Sy1,Sc+,0.03202,17.42,16.92,16.697,15.463,14.757,14.399,14.115
1386034,Sy1,Sc,0.07639,21.01,20.1,18.06,16.657,15.692,15.11,14.701
1801755,Sy2,Sbc,0.04713,15.92,14.81,17.004,15.172,14.283,13.824,13.432
1374231,Sy1,Sbc,0.08114,18.63,17.92,17.72,16.205,15.378,14.939,14.66
1615097,Sy2,SA,0.02652,15,13.64,15.663,13.868,12.982,12.509,12.128
1384807,Sy2,SB,0.032404,14.74,17.08,16.563,14.691,13.855,13.411,13.099
1808418,Sy2,S,0.07533,19.28,18.57,17.846,16.226,15.497,15.099,14.777
2214533,Sy2,Sb,0.03847,16.38,15.41,17.654,15.901,15.04,14.578,14.215
1828668,Sy1,S,0.05,18.425,19.27,19.505,18.092,17.529,17.229,17.02
2185748,Sy1,SBb,0.04304,16.32,15.32,17.763,15.881,14.996,14.56,14.233
1807196,Sy1,S,0.07739,17.232,20.32,18.62,17.218,16.587,16.208,16.061
1714040,Sy1,S,0.05704,18.799,19.26,19.108,18.276,18.17,17.91,17.94
6103572,Sy2,S,0.08475,17.59,17.04,18.853,17.464,16.715,16.289,16.024
2212220,Sy2,SB,0.007980677,13.46,12.7,14.852,13.155,12.431,12.031,11.765
1381516,Sy2,2,0.04932,19.35,18.67,19.635,17.859,17.002,16.558,16.18
1137771,Sy1,S0,0.03524,16.96,16.28,17.549,15.71,14.893,14.488,14.2
1876389,Sy2,S_AB,0.03754,14.79,14.02,15.714,14.467,13.881,13.531,13.283
2274133,Sy1,S0,0.05627,18.509,19.24,19.391,18.243,17.68,17.307,17.109
1866874,Sy1,S,0.10738,18.304,19.7,19.138,18.031,17.503,17.177,17.029
1870269,Sy2,S,0.13349,19.92,19.03,19.619,17.938,16.908,16.421,16.039
415291,Sy1,1,0.07015,18.48,17.55,17.517,16.02,15.25,14.807,14.524
1363466,Sy2,1,0.089,18.9,18.2,18.729,17.29,16.519,16.061,15.74
1419195,Sy1,E/S0,0.029024149,15.87,15.01,16.612,15.275,14.458,14.005,13.67
623210,Sy1,Sc,0.02833,15.7,16,16.814,15.672,14.988,14.647,14.331
1671636,Sy1,S0a,0.08447,16.79,15.8,16.9717,16.6673,16.3444,15.841,15.7732
1885417,Sy1,Sabr,0.03445,15.68,15.06,16.985,15.402,14.579,14.161,13.824
462598,Sy1,SBar,0.03973,15.63,15.01,17.01,15.251,14.463,14.061,13.799
1137773,Sy2,Sb,0.05365,18.79,17.99,18.65,16.741,15.799,15.289,14.858
1383136,Sy2,0,0.08795,18.69,17.89,19.438,17.495,16.523,16.014,15.708
2066627,Sy1,E,0.18295,15.45,15.64,15.9235,15.7993,15.6029,15.2896,15.4821
7818789,Sy1,-4,0.06085,17.35,16.73,18.912,17.292,16.463,16.037,15.761
5140231,Sy1,E...,0.17648,18.55,18.12,18.2041,18.05,17.6772,17.3175,17.2807
1322086,Sy2,3.9,0.05536,17.46,16.9436,18.742,17.28,16.575,16.067,15.755
2742907,Sy2,E/S0,0.01946,17.34,16.74,15.975,14.802,14.124,13.762,13.479
4494986,Sy1,SBb,0.04313,18.32,17.43,17.615,16.196,15.437,15.044,14.76
643052,Sy2,S_AB,0.03441,14.72,14.12,15.419,14.286,13.698,13.321,13.082
7842965,Sy1,1,0.0779,19.04,18.45,18.547,17.528,16.789,16.318,16.08
4128539,Sy1,E...,0.27926,19.84,19.39,19.4273,19.408,18.9654,18.6501,18.2429
1513541,Sy1,S...,0.014965581,15.25,14.81,16.205,15.53,14.915,14.804,14.645
2232523,Sy2,SBb,0.03486,15.45,14.68,16.244,14.943,14.306,14.026,13.795
4128752,Sy1,E...,0.22034,19.68,19.08,18.3685,18.3057,18.0981,17.7388,17.6568
517031,Sy1,E,0.08897,18.01,16.55,17.778,15.823,14.889,14.434,14.108
2895039,Sy2,S,0.06333,18.4,17.66,17.358,15.455,14.599,14.163,13.843
1534955,Sy2,Sa,0.015643076,15.01,13.96,15.873,14.059,13.176,12.733,12.391
466746,Sy2,S,0.026,17.72,17,16.802,15.062,14.236,13.803,13.408
1725280,Sy2,cD,0.13827,18.76,18.14,17.554,16.074,15.068,14.59,14.476
361961,Sy1,I,0.02255,17.61,17.37,16.011,15.28,15.041,14.906,15.054
7839917,Sy1,S,0.12934,18.7,18.07,17.826,16.821,15.926,15.428,15.083
1369362,Sy2,Irr,0.04762,19.19,18.5,18.96,17.199,16.445,16.055,15.756
2183017,Sy1,SA,0.00386,14.01,13.12,14.051,12.772,11.622,11.278,11.004
1318140,Sy2,SAB_a,0.01286,14.02,13,15.642,13.586,12.628,12.161,11.795
1728207,Sy2,SAa,0.004747881,12.5,11.68,14.218,12.578,11.817,11.436,11.181
2166454,Sy2,-3,0.02294,15.21,14.21,15.204,13.459,12.633,12.219,11.953
1532519,Sy2,SB0,0.016044,15.9,14.96,16.263,14.838,14.207,13.996,13.696
2289008,Sy2,S0/a,0.02949,17.33,16.57,16.198,14.282,13.38,12.93,12.606
608022,Sy1,SBbc,0.03034,17.64,17.16,15.74,14.693,14.113,13.762,13.492
2744648,Sy1,E,0.112,15.79,15.39,15.272,15.341,15.443,14.928,15.171
1630359,Sy1,E,0.192,16.02,15.89,15.4941,15.6198,15.5986,15.2673,15.5509
443561,Sy2,S0,0.046305,18.93,18.23,18.574,17.017,16.272,15.873,15.548
1988831,Sy2,SABab,0.004040955,13.45,12.44,13.621,11.558,10.753,10.228,9.874
2696126,Sy1,SAB,0.03369,15.56,14.9,14.988,14.002,13.449,13.101,12.791
353022,Sy2,Sab,0.10476,19.13,18.44,19.639,17.703,16.76,16.318,16.001
1830566,Sy1,SB_{xa},0.04266,18.29,17.51,16.917,15.163,14.272,13.8,13.467
1660447,Sy1,Es...,0.019596891,14.99,14.39,15.834,14.739,14.025,13.814,13.481
6369995,Sy1,E,0.090583846,19.05,18.23,19.241,17.277,16.049,15.447,15.134
2241005,Sy2,S0,0.04751,18.56,17.89,17.929,16.312,15.517,15.091,14.755
1514363,Sy1,Sbc,0.046274161,16.02,15.23,16.036,14.578,13.836,13.43,13.137
441608,Sy2,Sb,0.04169,16.3,15.48,16.826,15.644,15.025,14.66,14.4
1378697,Sy1,SA_B,0.02192,15.1,17.29,16.102,14.899,14.225,13.869,13.662
623718,Sy2,SA,0.01355,15.29,14.18,15.409,13.922,12.892,12.385,11.999
517342,Sy2,3,0.0448,17.92,16.96,17.064,15.232,14.408,14.067,13.657
2292351,Sy1,S0,0.10398,18.77,18.26,18.134,17.421,16.777,16.24,16.066
1960573,Sy1,SA,0.04582,17.62,17,15.796,14.77,14.266,13.859,13.601
1392481,Sy2,-3,0.01882,16.26,15.72,17.088,15.836,15.17,14.855,14.601
2166085,Sy2,SA,0.02177,14.25,16.15,15.201,13.672,12.9,12.501,12.18
2054017,Sy1,Sc,0.0842,19.6,18.79,19.08,17.148,16.157,15.602,15.222
2222832,Sy2,S,0.082,19.49,18.82,19.565,17.927,17.113,16.644,16.282
1726560,Sy1,S,0.05105,18.93,18.31,16.979,15.498,14.754,14.408,14.17
461935,Sy1,Sa,0.10167,16.85,16.31,17.522,16.675,16.061,15.652,15.395
2855876,Sy1,Sab,0.06333,18.01,17.49,17.587,16.413,15.727,15.268,15.007
1858538,Sy2,SB_a,0.003075,11.45,11.62,13.262,11.45,10.698,10.277,9.981
1376166,Sy2,E+A,0.11326,19.4,18.81,19.53,18.181,17.451,17.055,16.767
1377173,Sy2,E+A,0.08579,19.09,18.43,19.765,17.899,17.094,16.704,16.481
2221230,Sy1,Sc,0.1631,18.16,17.83,18.0394,18.0555,17.8337,17.4265,17.2882
453020,Sy2,S...,0.02439,17.57,16.75,16.672,15.099,14.332,13.934,13.62
494809,Sy2,S,0.04992,18.82,18.15,17.558,15.881,15.138,14.733,14.47
1025306,Sy1,Sa,0.0458,17.75,17.11,17.551,15.899,15.102,14.682,14.37
1040827,Sy1,SB,0.01705,17.83,17.19,15.095,13.704,12.974,12.601,12.32
1115045,Sy1,5,0.04998,18.74,18,17.603,15.823,14.961,14.536,14.09
4494939,Sy1,S0/a,0.04983,19.23,18.11,18.455,16.815,16.04,15.638,15.317
1617819,Sy1,Sb,0.03948,17.74,17.16,16.282,15.152,14.475,14.095,13.775
1707003,Sy2,S,0.03514,18.33,17.48,16.359,15.235,14.726,14.411,14.251
571957,Sy1,S:,0.04294,17.98,17.16,16.81,15.183,14.535,14.142,13.844
550382,Sy1,S0/S,0.05372,18.58,17.99,17.302,15.842,15.074,14.67,14.364
498241,Sy1,Sab,0.04592,17.52,16.93,16.76,15.2,14.399,13.953,13.638
5535826,Sy1,SBb,0.04094,15.93,15.31,17.415,15.716,14.853,14.431,14.1
2214873,Sy1,cG,0.18171,19.34,18.88,18.155,17.664,17.143,16.801,16.594
1642591,Sy1,S,0.17219,18.37,17.94,18.0477,18.0985,17.8227,17.3696,17.3454
6103611,Sy1,S,0.07109,16.73,16.3,17.92,16.839,16.282,15.92,15.704
7840374,Sy1,Sab,0.12471,19.4,18.66,19.012,17.602,16.665,16.219,15.877
643132,Sy2,S0,0.03408,17.78,17.19,17.971,16.142,15.375,14.977,14.709
1374852,Sy2,E+A,0.19609,19.7,18.96,20.331,18.619,17.628,17.209,16.942
2649856,Sy2,E+A,0.12322,18.52,17.82,19.527,17.615,16.779,16.412,16.138
2943426,Sy2,E+A,0.07229,18.52,18,19.097,17.569,16.945,16.642,16.442
1912275,Sy1,S0/a,0.06779,18.61,18,17.759,16.518,15.803,15.327,15.069
1378336,Sy1,Sp,0.02731,14.6,16.5,17.351,16.677,16.852,17.04,16.929
1448797,Sy2,3,0.026636134,15.12,14.4,16.498,14.952,14.171,13.754,13.408
1449377,Sy2,E/S0,0.04143,15.94,15.31,17.336,15.719,14.94,14.505,14.157
5319406,Sy2,S0/a,0.05101,15.71,14.65,16.118,14.743,14.294,13.84,13.632
1138201,Sy2,SB0-SBa,0.05235,18.55,17.88,18.457,16.801,16.022,15.592,15.282
1138186,Sy1,S0-Sa,0.05247,18.07,17.49,17.96,16.647,15.946,15.458,15.21
1451880,Sy2,Irr,0.14317,20.23,19.44,20.307,18.643,17.683,17.184,16.82
1452891,Sy2,E,0.07971,19.13,18.5,19.667,17.89,17.109,16.707,16.434
1392173,Sy2,S,0.04631,18.97,18.18,18.569,16.724,15.877,15.434,15.064
1913664,Sy1,dEblue,0.007795758,17.56,17.4,16.736,15.845,15.656,15.615,15.506
5319658,Sy2,S0a,0.03761,16.05,15.03,15.864,14.844,14.7,14.377,14.287
1389484,Sy2,S,0.04305,19.16,18.65,17.747,16.45,15.858,15.521,15.26
1851350,Sy2,Sb,0.04808,18.02,17.24,17.632,15.56,14.524,13.963,13.507
1887179,Sy2,Sa,0.0851,19.52,18.7,19.72,16.83,15.922,15.396,15.035
1392553,Sy2,Sbc,0.0441,18.95,18.11,18.19,16.351,15.431,14.929,14.52
1491834,Sy1,E+cG,0.030354333,13.9,13.3,15.781,13.73,12.804,12.318,11.961
1907302,Sy2,Sb,0.06326,16.43,15.33,18.07,16.077,15.194,14.752,14.465
438201,Sy2,S0,0.02686,15.05,14.41,16.506,14.812,14.015,13.608,13.283
1751030,Sy2,SA,0.02765,17.58,16.96,15.382,13.774,13.086,12.761,12.583
1693687,Sy2,Sc,0.04244,18.25,17.58,17.256,15.779,15.072,14.665,14.364
1324607,Sy1,S0a,0.04702,16.2,15.91,15.489,14.523,13.851,13.386,13.18
2266889,Sy1,-2,0.02897,17.49,16.57,17.334,15.681,14.898,14.525,14.201
1448351,Sy1,-4.3,0.04597,16.93,16.28,16.762,15.222,14.326,13.859,13.511
1460236,Sy1,?...,0.31275,17.63,17.5,19.6773,19.4312,18.641,18.6753,17.8223
1446666,Sy1,E,0.23497,17.28,16.97,17.129,16.976,16.692,16.521,16.484
2109912,Sy1,Sp...,0.18844,19.65,19.04,20.236,19.465,18.9052,18.651,18.626
2859770,Sy1,E...,0.151,18.25,17.45,18.3963,17.7444,17.1547,16.3344,16.4622
1107973,Sy1,SBb,0.04301,17.95,17.43,17.173,16.158,15.517,15.141,14.86
2650239,Sy1,E,0.24995,18.5,19.34,20.6114,19.009,17.748,17.255,16.874
444286,Sy1,Sa:,0.07809,16.14,15.94,15.7085,15.6642,15.7104,15.2574,15.4435
785962,Sy1,SA,0.032295676,14.3,13.92,14.467,12.651,13.41,11.596,12.847
5367525,Sy1,Sc,0.04135,16.41,15.98,17.554,16.313,15.697,15.342,15.09
2863977,Sy1,2.4,0.02642,17.59,16.94,16.192,14.693,13.906,13.511,13.455
530934,Sy1,SA,0.041,14.68,13.84,15.212,14.539,13.714,12.985,13.058
2249118,Sy2,SAB,0.03419,15.27,14.42,15.755,14.361,13.614,13.216,12.871
2230102,Sy1,Sc,0.05743,16.3,15.93,17.241,16.674,16.334,15.986,15.785
2216195,Sy1,E,0.71967,16.33,16.03,16.663,16.166,16.087,16.2,15.952
445395,Sy2,S_AB,0.04168,17.3,16.39,16.118,14.281,13.523,13.118,12.859
2250952,Sy2,dG,0.03713,15.6,15.62,16.471,14.62,13.803,13.404,13.111
1629369,Sy2,4.6,0.04979,18.07,17.47,19.76,18.021,17.478,16.888,16.74
1911449,Sy1,E-E/S0,0.0076,12.11,11.18,14.055,12.333,11.56,11.138,10.792
338559,Sy1,S...,0.02855,15,16.81,15.698,15.05,14.808,14.676,14.512
1107542,Sy1,?...,0.25762,18.29,17.93,17.3503,17.3602,17.3163,17.3241,17.0217
1123650,Sy2,S0,0.103789,15.7,16.18,18.121,16.492,15.631,15.203,14.921
1106319,Sy1,S0,0.07137,18.34,17.81,17.632,16.746,16.065,15.58,15.335
2237089,Sy1,S0,0.05313,18.48,18.92,19.2,18.156,17.796,17.506,17.4
1368967,Sy1,cG,0.06929,18.7,18.07,19.161,17.397,16.566,16.185,15.847
1745837,Sy1,SBb,0.03552,17.66,16.97,17.098,16.02,15.38,15.035,14.76
2695745,Sy2,-4,0.03453,15.19,14.17,15.717,13.656,12.76,12.332,12.007
458330,Sy1,Sr...,0.15838,14.19,13.79,14.81,14.13,13.688,13.463,13.297
1138195,Sy2,S,0.05129,19.4,18.79,17.531,16.239,15.649,15.311,15.121
1939909,Sy1,Sd,0.02387,15.3,17.72,16.223,15.172,14.63,14.348,14.088
606777,Sy2,0,0.05752,18.45,17.43,17.002,15.575,14.944,14.556,14.32
552757,Sy1,-2,0.02069,17.06,16.47,17.038,15.945,15.068,14.825,14.505
2838890,Sy1,Sa,0.04311,15.42,14.68,16.029,14.793,14.172,13.752,13.523
2832209,Sy1,E,0.08425,17.54,16.98,17.29,16.545,15.963,15.526,15.297
541301,Sy1,2,0.14521,20.07,19.23,20.5,18.61,17.494,16.921,16.55
2294202,Sy2,S,0.04136,18.68,17.96,18.816,17.036,16.166,15.702,15.332
1384699,Sy2,SB,0.025752406,16.06,15.03,16.4,14.54,13.672,13.24,12.927
1439748,Sy1,S,0.08057,17.88,17.53,17.46,16.668,16.173,15.521,15.425
353297,Sy1,E,0.09158,16.85,16.52,17.1447,16.6062,16.282,15.9798,15.946
565074,Sy1,SBb,0.07038,17.68,17.19,17.028,16.079,15.472,15.066,14.815
471071,Sy1,SBb,0.04341,15.28,14.73,16.878,15.188,14.397,14.007,13.709
444166,Sy1,-6,0.03023,15.55,15.27,15.587,15.05,14.63,14.418,14.241
1361061,Sy1,S,0.061806,17.71,17.19,18.6618,17.9234,17.5559,17.1214,16.8594
1428055,Sy1,3,0.061,14.92,14.64,14.691,14.615,14.705,14.175,14.314
610009,Sy1,SBbr,0.02425,16.24,15.45,16.243,15.251,14.618,14.302,13.986
1385505,Sy1,SA,0.0325,14.73,14.01,14.955,13.546,12.949,12.782,12.123
464520,Sy1,SAB_a,0.04152,16.32,16,15.872,14.911,14.338,14.007,13.774
1652807,Sy1,S,0.04995,16.12,15.57,17.218,15.939,15.308,14.968,14.684
2198897,Sy1,S,0.08697,18.2,17.77,17.674,16.962,16.327,15.871,15.66
1936425,Sy2,E-E/S0,0.00327,12.09,10.49,12.593,10.742,9.888,9.448,9.081
362686,Sy2,S,0.105153,19.91,18.79,18.327,16.702,15.858,15.475,15.184
4908931,Sy1,Sbc,0.05104,18.12,17.29,16.505,15.488,14.864,14.467,14.194
5319352,Sy2,E:,0.136572,19.51,18.6,19.41,17.872,16.763,16.337,16.119
1066724,Sy2,S,0.06451,16.35,15.77,17.636,16.169,15.43,15.027,14.736
617941,Sy1,cG,0.08645,18.45,18.03,17.682,17.096,16.626,16.126,16.013
1666613,Sy1,Sb,0.14098,19.05,18.42,18.193,17.503,16.674,16.174,15.963
538562,Sy1,Sa,0.03552,16.82,16.41,16.287,15.562,15.205,14.891,14.684
2251853,Sy1,SA,0.01627,14.35,13.73,14.812,13.355,12.626,12.323,12.058
615126,Sy1,S...,0.2341,15.611,15.546,14.981,14.92,14.938,14.756,14.903
1935809,Sy2,SB,0.00449,11.38,10.42,13.655,11.787,10.923,10.5,10.125
575436,Sy1,?...,0.23996,16.66,16.49,16.3132,16.3271,16.3235,16.1147,16.1793
2726986,Sy1,S...,0.03651,14.5,14.27,14.361,14.349,14.119,13.909,13.797
1877869,Sy1,SAB_a,0.003262,12.18,11.48,13.551,12.284,11.613,11.081,10.448
1348309,Sy2,S0a,0.01371,13.71,12.76,14.295,12.541,11.757,11.411,11.069
543576,Sy2,SAB,0.00867,14.19,13.21,15.253,13.341,12.383,11.915,11.49
1448788,Sy1,cG,0.11137,19.18,18.72,18.306,17.536,16.981,16.546,16.303
556318,Sy1,S0a,0.05633,16.95,16.6,16.485,15.546,15.153,14.75,14.549
1882828,Sy2,Sbc,0.000243,15.64,14.74,16.479,14.785,14.054,13.675,13.39
1106511,Sy1,Sab,0.07896,16,14.9,17.396,15.262,14.246,13.778,13.444
592310,Sy1,SBcr,0.07289,18.1,17.54,16.448,15.291,14.582,14.139,13.878
1449363,Sy1,Sab,0.04559,17.94,17.33,17.433,16.035,15.294,14.885,14.583
593427,Sy1,Sa,0.09311,18.65,18.06,18.542,17.704,16.944,16.48,16.217
1452424,Sy1,SB,0.03907,17.5,16.95,16.383,15.041,14.249,13.785,13.434
1452960,Sy1,?...,0.17175,16.56,16.29,15.7896,15.7707,15.6786,15.2689,15.4209
1376162,Sy1,SA,0.02609,14.48,13.81,15.356,13.619,12.773,12.389,12.085
1671703,Sy1,SA,0.03524,16.66,16.36,15.396,14.556,13.943,13.639,13.425
1878158,Sy1,-4.9,0.0229,16.49,15.92,16.297,14.927,14.179,13.873,13.588
568253,Sy1,SBb:,0.03104,17.2,16.62,16.761,15.24,14.454,14.013,13.701
1876395,Sy1,SA,0.00298,12.29,11.32,13.754,12.097,11.349,10.919,10.684
2663300,Sy1,Sa,0.03588,15.8,15.5,15.607,14.612,13.937,13.58,13.29
1907404,Sy2,S0a,0.012638744,12.9,12.34,14.846,13.006,12.136,11.666,11.325
1378739,Sy2,E,0.02903,15.42,14.41,16.234,14.162,13.15,12.628,12.176
551011,Sy1,S,0.06078,18.16,17.67,16.822,15.723,15.156,14.76,14.539
2239080,Sy1,E,0.09566,18.11,18.53,18.528,17.517,17.165,16.74,16.724
2278337,Sy1,S0,0.09302,18.176,19.22,19.106,17.618,16.823,16.387,16.1
1914078,Sy1,E,0.10722,18.6,18,18.13,17.344,16.931,16.564,16.461
1509459,Sy1,SB,0.02428517,14.86,14.16,15.462,14.507,13.896,13.753,13.565
609617,Sy2,SA,0.02428,15.55,14.73,15.902,14.53,13.9,13.557,13.313
533212,Sy2,?rs...,0.05127,17.33,16.87,16.312,15.122,14.579,14.118,13.874
1880388,Sy2,Sa,0.025,14.82,14.01,15.311,13.942,13.263,12.914,12.628
503586,Sy1,Sab,0.06286,18.18,17.71,17.568,16.622,15.987,15.581,15.348
5319504,Sy2,Sb,0.14675,19.22,18.51,19.203,17.688,16.71,16.248,15.993
1393011,Sy2,S,0.06543,18.81,18.07,17.159,15.744,15.054,14.651,14.398
1674052,Sy1,I...,0.06551,18.72,18.18,17.146,15.534,14.78,14.256,14.006
983647,Sy2,Sa,0.02771,16.01,15.14,17.233,15.509,14.747,14.358,14.066
7839959,Sy1,SBb,0.05519,16.68,16.14,17.653,16.277,15.519,15.071,14.789
1907267,Sy1,1,0.01271,14.34,13.57,14.898,13.551,12.934,12.668,12.38
2855874,Sy2,Sb,0.07496,16.47,15.53,17.005,15.615,14.844,14.424,14.107
7840016,Sy1,Sb,0.1052,18.33,17.79,18.474,17.736,17.065,16.596,16.439
452974,Sy1,SA_B,0.022296424,14.74,14.27,16.036,16.185,13.381,14.625,14.059
1436496,Sy1,S0a,0.06,14.41,14.03,15.323,14.621,14.171,14.275,13.69
532416,Sy1,cG,0.02311,16.82,16.39,16.531,15.511,14.921,14.652,14.413
1876417,Sy1,SABc,0.002,11.08,12.92,14.587,12.853,10.646,11.594,11.32
1887666,Sy2,S0,0.09491,19.43,18.65,19.821,17.795,16.893,16.363,16.006
1333983,Sy2,Sc,0.03748,16.03,15.3,17.567,15.91,15.057,14.599,14.273
7839923,Sy1,Sab,0.07332,17.49,17.05,18.978,17.479,16.704,16.247,15.947
1060657,Sy1,3,0.06996,16.3,15.74,17.31,16.026,15.306,14.874,14.564
87814,Sy2,SBb(R),0.02309,15.05,14.18,16.005,14.32,13.495,13.148,12.8
1914077,Sy1,dI,0.00632436,17.725,18.89,18.134,17.439,17.25,17.181,17.114
2031559,Sy1,S0,0.2423,18.32,17.91,18.316,18.224,17.967,17.761,17.336
611257,Sy1,E,0.10724,18.03,17.44,17.558,16.431,15.698,15.273,14.996
1923436,Sy2,E,0.12558,18.41,17.78,18.209,16.855,16.059,15.552,15.244
1036369,Sy1,cG,0.07999,18.68,18.2,17.505,16.716,16.073,15.621,15.395
7840044,Sy1,SBa,0.04024,17.04,16.48,18.463,17.019,16.303,15.941,15.625
2134747,Sy1,S0,0.08,17.719,17.98,17.948,17.024,16.583,16.183,16.039
5319262,Sy2,E,0.26336,19.59,18.75,20.399,18.993,17.785,17.497,17.173
512221,Sy1,S0,0.049052,18.61,18.03,19.242,18.2574,17.7102,17.3047,16.9434
511809,Sy1,Sb,0.04567,17.61,17.02,17.287,16.102,15.381,14.989,14.677
1017621,Sy1,Sb,0.03318,16.45,16.11,16.093,15.257,14.695,14.367,14.097
89380,Sy2,cD,0.0175,13.1,12.48,14.08,12.705,12.019,11.77,11.486
1017649,Sy2,Sb,0.06887,18.82,18.08,18.089,16.239,15.324,14.861,14.528
1420607,Sy1,SBa,0.016565216,13,12.34,14.236,13.085,12.381,12.217,11.797
5359185,Sy1,-4.6,0.11871,19.45,18.86,19.03,18.032,17.249,16.775,16.476
513572,Sy2,S0,0.041239,18.71,18.08,18.743,17.009,16.274,15.914,15.621
533232,Sy2,0,0.05141,16.79,15.85,16.994,15.441,14.73,14.313,13.977
550495,Sy2,-2,0.0516,16,16,17.183,15.046,14.116,13.651,13.314
504515,Sy1,Sb,0.03369,15.07,14.67,16.254,15.164,14.584,14.24,13.992
495526,Sy1,E,0.04604,17.98,17.37,18.08,16.305,15.605,15.249,14.974
511401,Sy1,SBa,0.040969,17.03,16.48,17.1876,16.6661,16.3039,15.9383,15.6877
494449,Sy2,S0,0.03893,17.93,17.28,16.995,15.5,14.78,14.387,14.074
493708,Sy2,S0/a,0.05441,17.64,16.89,17.815,15.785,14.892,14.455,14.128
1807193,Sy1,E,0.1,18.486,18.99,18.832,17.78,17.414,17.153,17.055
642988,Sy1,SA,0.01336,17.06,16.39,14.942,13.739,13.015,12.556,12.218
1790952,Sy1,Sc,0.01,16.688,19.14,17.38,16.456,16.103,15.913,15.736
1790954,Sy1,S,0.07,18.98,19.85,19.86,18.71,18.321,18.037,17.905
1389803,Sy1,S,0.06633,19.99,19.49,18.026,16.827,16.357,16.061,15.868
1790184,Sy1,E,0.09,19.303,19.65,20.043,19.003,18.617,18.361,18.27
1770499,Sy1,S0,0.11,19.146,19.5,19.43,18.846,18.617,18.439,18.503
1788990,Sy1,S,0.07,18.588,19.35,19.259,18.207,17.858,17.554,17.481
3784864,Sy2,SBbcr,0.0356,15.33,14.79,16.589,15.077,14.436,14.082,13.806
622970,Sy1,cG,0.04445,17.86,17.38,16.927,15.834,15.24,14.876,14.611
1319414,Sy2,Sb,0.05449,18.34,17.62,17.963,16.188,15.327,14.865,14.525
1745002,Sy1,SBb,0.04122,15.6,15.57,16.469,15.273,14.722,14.369,14.122
1786056,Sy1,E,0.63059,15.91,15.7,17.0011,16.5159,16.5099,16.4366,16.5255
642662,Sy2,E2,0.03686,18.04,17.24,17.82,15.907,14.945,14.458,14.106
1389248,Sy1,Sa,0.05966,18.3,17.56,18.24,16.442,15.527,15.056,14.686
1629097,Sy2,S0,0.06276,18.42,17.75,18.331,16.806,15.979,15.52,15.233
2258477,Sy1,S,0.05139,17.845,19.39,18.781,17.511,16.974,16.626,16.502
2053846,Sy1,E,0.05,18.075,18.64,18.675,17.431,16.976,16.692,16.588
2052080,Sy1,S0,0.06,18.856,19.23,19.589,18.537,18.171,17.889,17.812
1889140,Sy1,E,0.07979,18.768,18.99,19.221,18.292,17.983,17.693,17.687
1756327,Sy2,Sb,0.03812,18.61,17.9,17.621,16.019,15.21,14.769,14.418
2053838,Sy1,S0,0.08,18.561,19.12,19.286,18.172,17.786,17.513,17.351
1828685,Sy1,E,0.05,18.235,18.39,18.529,17.517,17.04,16.669,16.495
1792182,Sy1,S0,0.07,18.618,19.21,19.661,18.521,18.066,17.805,17.679
1940708,Sy1,S,0.07,17.421,18.29,17.728,16.859,16.57,16.227,16.18
1453987,Sy2,3,0.04517,18.44,17.78,16.993,15.628,14.877,14.469,14.137
490065,Sy2,Sc,0.116,20.02,19.16,19.28,17.653,16.69,16.191,15.771
623717,Sy2,5,0.02758,18.6,17.93,16.287,15.055,14.409,14.092,13.8
632821,Sy2,E/S0,0.03691,17.41,16.77,17.35,15.742,14.97,14.572,14.263
1318215,Sy1,cG,0.012769,16.7,17,17.403,16.77,16.626,16.668,16.558
1465732,Sy2,Sc,0.0417,19.01,18.24,17.964,16.272,15.369,14.893,14.533
467740,Sy2,Scd,0.032,19.67,18.92,19.04,17.316,16.377,15.874,15.478
1340115,Sy1,Sc,0.05743,17.11,18.56,17.716,16.789,16.39,15.978,15.824
1382707,Sy2,3,0.08729,19.86,19.01,19.868,18.032,17.057,16.499,16.079
1674588,Sy1,S,0.06,18.482,20.04,19.211,18.329,17.977,17.779,17.616
510933,Sy1,Sb,0.0392,17.16,16.7,16.784,15.679,15.099,14.77,14.531
1365688,Sy1,Sb,0.03484,19.48,18.81,17.73,16.287,15.629,15.284,15.037
509067,Sy2,SA,0.007590707,16.68,15.97,15.021,13.45,12.676,12.248,11.874
1137861,Sy2,SB0-SBa,0.02846,17.15,16.6,16.549,15.012,14.397,14.071,13.825
508673,Sy1,S0+,0.10159,18.41,17.98,17.73,17.065,16.504,16.063,15.851
467490,Sy1,S...,0.08626,17.76,17.35,17.723,17.069,16.648,16.074,16.059
7840965,Sy1,2,0.08481,19,18.41,18.44,17.141,16.473,16.034,15.795
1385147,Sy1,SAB_a,0.02979,15.01,17.01,16.384,14.879,14.083,13.68,13.319
1691973,Sy1,S,0.09,18.115,19.21,18.609,17.77,17.592,17.304,17.322
1992739,Sy2,SA,0.003371345,13.24,12.27,13.74,11.824,11.029,10.617,10.339
2236527,Sy1,0,0.02973,15.5,17.59,16.6,15.892,15.767,15.669,15.572
1064113,Sy2,I,0.01848,15.96,14.89,15.986,14.261,13.397,12.965,12.468
2793841,Sy2,Sa,0.016134495,13.99,13.11,15.479,13.921,12.844,12.398,12.08
1669777,Sy1,?...,0.708,17.46,17.21,18.3949,17.9509,17.9412,18.0664,17.8496
616798,Sy2,E...,0.1075,16.36,16.4,18.657,17.08,16.113,15.646,15.322
598161,Sy2,S_AB,0.008503,12.3,11.63,13.545,12.498,11.859,11.612,11.307
510309,Sy2,Sa,0.010739387,12.56,11.65,14.046,12.199,11.291,10.922,10.554
2696996,Sy1,SBc,0.04249,17.04,16.62,16.226,15.091,14.431,14.035,13.758
5319217,Sy2,E,0.05436,16.65,16.59,17.584,16.094,15.781,15.259,15.138
2234817,Sy2,E/S0,0.01622,15.54,14.6,16.757,14.902,14.062,13.637,13.318
737087,Sy2,Sc,0.015204,13.66,12.86,14.732,13.003,12.14,11.744,11.328
2221694,Sy2,S,0.08311,19.08,18.37,18.63,16.932,16.041,15.571,15.258
4908980,Sy2,Sc,0.12333,19.4,18.22,18.648,17.021,16.053,15.594,15.264
1421850,Sy2,SBb,0.029446779,13.92,13.23,14.945,13.711,13.142,12.801,12.468
1725454,Sy1,Sc,0.04307,17.37,16.9,16.303,15.404,14.957,14.626,14.404
1416317,Sy1,?...,0.396,16.8,17,16.8329,16.8077,16.7926,16.792,16.7427
1454965,Sy2,S,0.002832635,12.02,11.16,15.24,13.423,12.522,11.957,11.62
1318141,Sy2,SA,0.013946829,13.29,12.45,14.446,12.93,12.079,11.691,11.39
1826775,Sy1,Sa,0.04369,17.61,16.94,17.501,15.848,14.964,14.495,14.159
1839771,Sy1,S0,0.03815,16.26,15.49,17.106,15.641,14.846,14.455,14.143
1850993,Sy2,S,0.09643,19.07,18.36,18.46,17.06,16.301,15.957,15.671
1406332,Sy1,E,0.764363,18.3,18.09,18.3257,17.8555,17.7207,17.8379,17.4482
1369994,Sy2,Scd,0.04204,16.26,15.67,17.754,16.179,15.407,14.951,14.611
2294205,Sy2,E,0.14844,19.36,18.53,19.84,18.061,17.014,16.51,16.142
1513317,Sy2,S0a,0.015260234,13.9,13.06,15.2608,13.7689,13.0892,12.7515,12.6268
1419865,Sy1,SBa,0.025372443,15.3,14.45,15.735,14.622,13.926,13.58,13.304
1454330,Sy2,Irr,0.19113,19.12,18.54,19.232,18,17.284,16.917,16.669
1456238,Sy2,Sc,0.14897,20.47,19.63,19.3,17.588,16.669,16.212,15.894
642255,Sy1,Sb,0.03568,18.8,18.05,18.402,16.552,15.629,15.137,14.756
1686809,Sy2,Sa,0.05085,16.25,15.58,17.03,15.748,15.197,14.813,14.556
2301458,Sy1,SB,0.03025,17.63,16.98,16.221,14.686,13.946,13.536,13.264
1804461,Sy2,Sc,0.005016042,12.575,11.904,14.711,13.255,12.212,11.797,11.453
1753774,Sy2,Sc,0.04,19.87,19.17,18.741,16.927,16.083,15.622,15.268
1807192,Sy1,S,0.05,17.744,18.68,18.302,17.312,16.975,16.712,16.567
1810513,Sy1,E,0.09,18.165,18.24,18.335,17.366,16.997,16.591,16.538
1848425,Sy2,S,0.10641,19.71,18.93,19.715,18.045,17.085,16.623,16.268
4741116,Sy2,2,0.04902,14.37,17.36,16.737,14.715,13.794,13.323,12.963
1319501,Sy2,S,0.01675,17.56,16.84,16.531,14.625,13.717,13.212,12.806
1389806,Sy2,Irr,0.08056,18.58,17.95,19.477,17.778,17.079,16.74,16.481
1882378,Sy1,Sbc,0.05027,17.62,17.29,16.322,15.463,14.942,14.587,14.303
1907293,Sy2,E,0.081,17.3,16.38,18.266,16.87,16.13,15.699,15.46
1455982,Sy2,S,0.0609,18.71,17.99,17.63,15.743,14.944,14.489,14.164
2136972,Sy1,E,0.08218,17.52,17.17,17.634,16.594,16.09,15.675,15.497
2153589,Sy1,E...,0.19396,19.97,19.17,19.631,18.485,17.455,16.932,16.678
2153881,Sy1,E...,0.08912,18.9,18.32,18.46,17.187,16.497,16.094,15.851
2198928,Sy1,Scd,0.07327,17.76,17.4,17.842,17.309,16.824,16.446,16.32
2239097,Sy1,S,0.07009,18.94,18.27,17.935,16.543,15.828,15.416,15.115
2276139,Sy1,E,0.10309,19.44,18.92,19.041,18.413,17.816,17.356,17.134
2304435,Sy1,S,0.10001,18.43,17.94,17.476,16.542,15.862,15.415,15.147
2919423,Sy2,SBc,0.04153,18.84,18.15,17.542,16.03,15.338,14.948,14.675
1548827,Sy1,Sbc,0.016778924,15.71,14.74,16.639,15.235,14.64,14.204,13.505
1396520,Sy2,SAB_a,0.02244,14.94,13.7,16.091,14.594,13.912,13.584,13.334
1397768,Sy2,S,0.07538,19.63,18.92,18.364,16.887,16.169,15.791,15.519
1386210,Sy1,S,0.18606,20.41,19.48,20.06,18.625,17.494,16.924,16.621
5319577,Sy2,E,0.23975,18.93,18,19.976,18.692,17.452,16.989,16.708
550758,Sy1,S_AB,0.003706093,12.2,11.7,13.494,12.079,11.43,11.119,10.937
1916968,Sy2,E,0.05044,18.19,17.6,18.51,16.764,16.036,15.646,15.332
1868874,Sy1,S0-Sa,0.0514,16.88,16.32,18.046,16.712,16.063,15.688,15.444
1328638,Sy2,1,0.01987,15,15.28,16.471,14.846,14.141,13.771,13.523
7841383,Sy2,SBb,0.05933,16.72,16.09,18.129,16.364,15.511,15.119,14.789
1809227,Sy2,S_AB,0.02934,17.36,16.8,16.452,15.082,14.47,14.099,13.791
1751966,Sy1,SB...,0.07189,18.65,18.11,17.418,16.371,15.822,15.39,15.175
2267052,Sy2,S0,0.02875,15.69,14.72,16.741,15.083,14.327,13.961,13.677
5365802,Sy1,Sc,0.07073,18.73,18.06,18.47,17.021,16.168,15.698,15.395
465626,Sy1,S0-a,0.03939,15.2,15.5,17.118,15.288,14.503,14.088,13.706
2266262,Sy2,S,0.01415,14.55,13.6,15.029,13.348,12.547,12.152,11.839
2273281,Sy1,Sb,0.02834,15.84,15.28,16.9,15.615,14.969,14.628,14.418
2222924,Sy2,E,0.07912,18.84,18.26,19.08,17.441,16.709,16.326,16.053
1786719,Sy1,E,0.04685,16.26,15.62,17.501,15.964,15.13,14.682,14.327
2201933,Sy1,Sa,0.17797,18.93,18.35,19.5937,18.8631,18.2682,17.6829,17.6128
2255950,Sy2,Sab,0.07792,19.54,18.83,18.674,17.034,16.171,15.781,15.513
2272956,Sy1,SAB_a,0.02522529,13.7,13.7,15.441,13.995,13.251,12.836,12.539
2255946,Sy1,SBb,0.05478,18.06,17.38,17.489,15.913,15.19,14.752,14.434
2218847,Sy2,S,0.07729,19.21,18.55,18.273,16.784,16.006,15.58,15.285
2218391,Sy1,Sb,0.03418,17,16.41,16.083,14.715,14.204,13.837,13.585
2109067,Sy1,S0+,0.02935,17.89,17.22,17.335,15.891,15.12,14.726,14.443
2051603,Sy2,E,0.07079,18.03,17.43,18.59,16.96,16.266,15.923,15.691
1939885,Sy1,S0a,0.02386,17.25,16.63,16.497,15.21,14.486,14.227,13.992
1963888,Sy1,Sb,0.07092,18.55,17.83,18.299,16.587,15.692,15.22,14.884
1535384,Sy2,Sc,0.01933,13.4,13.4,15.201,13.785,13.022,12.644,12.36
2166638,Sy2,SB,0.01745,17.16,16.45,15.837,13.891,13.054,12.661,12.359
2198346,Sy2,SBb,0.02335,15.4,15.2,16.715,15.034,14.293,13.911,13.613
2197870,Sy2,E:,0.13648,18.45,17.77,18.52,17.367,16.432,15.987,15.648
4495320,Sy1,Sb,0.08014,18.56,18.15,17.317,16.483,15.865,15.366,15.183
5319608,Sy2,S0,0.12118,19.28,18.44,18.171,16.705,15.774,15.275,14.603
2050429,Sy1,S0+,0.04912,18.28,17.66,17.383,15.854,15.112,14.707,14.393
2105360,Sy1,2,0.0828,16.25,15.79,17.227,15.957,15.332,14.965,14.72
2163204,Sy2,S0-a,0.02154,17.07,16.37,16.055,14.309,13.491,13.084,12.779
2652594,Sy2,I...,0.02353,14.31,13.37,15.974,14.128,13.02,12.518,11.987
2634286,Sy2,S,0.0661,19.88,19.17,18.796,17.213,16.443,16.022,15.68
1808163,Sy2,S0,0.068,18.56,17.85,19.037,17.229,16.37,15.933,15.632
1755036,Sy1,S0,0.0914,19.11,18.42,19.332,17.775,16.943,16.373,16.009
509448,Sy2,S,0.06132,19.42,18.71,17.685,16.303,15.642,15.265,15.029
1755383,Sy2,S,0.095,19.64,18.94,19.201,17.703,16.919,16.507,16.166
1732828,Sy2,E,0.065,19.02,18.37,19.746,18.045,17.281,16.83,16.579
2879541,Sy1,S0a,0.03571,15.84,14.86,16.544,15.241,14.536,14.167,13.904
2832836,Sy1,Sb,0.07682,17.84,17.33,16.415,15.227,14.53,14.062,13.79
1805707,Sy1,SA_B,0.037706085,15.1,16.2,16.621,15.063,14.211,13.756,13.414
1338468,Sy2,Sb,0.0333,16.08,15.32,17.715,15.719,14.737,14.198,13.763
1790932,Sy1,Sc,0.03,17.386,19.38,18.37,17.226,16.84,16.587,16.368
625187,Sy2,IA,0.007,20.38,19.93,17.05,15.782,15.276,15.062,15.04
1694277,Sy1,S0,0.06098,18.65,17.91,19.515,17.56,16.601,16.096,15.759
1673484,Sy2,SAB,0.02335,14.82,14.25,16.135,14.756,13.993,13.621,13.341
1645922,Sy1,E/S0,0.05026,16.86,16.64,16.38,15.98,15.686,15.356,15.189
1708659,Sy2,SAbc,0.004540107,12.29,11.6,14.723,12.789,11.93,11.55,11.193
1660680,Sy1,dI,0.006077538,16.08,19.08,17.192,15.969,15.455,15.243,15.02
1915230,Sy2,Sb,0.07607,19.49,18.8,19.25,17.473,16.544,16.053,15.671
2198714,Sy2,Sb,0.076,19.43,18.66,19.07,17.357,16.486,16,15.673
590495,Sy2,S0,0.10136,17.64,16.28,18.769,16.853,15.893,15.438,15.14
2133102,Sy1,S,0.04995,15.1,14.59,15.584,14.78,14.381,14,13.78
7843046,Sy1,0,0.05676,16.88,16.36,18.176,16.899,16.219,15.816,15.542
1712813,Sy1,Sb,0.04379,17.89,17.48,16.59,15.746,15.267,14.944,14.731
492835,Sy2,E/S0,0.0481,17.82,17.26,17.857,16.49,15.837,15.422,15.2
1787089,Sy1,SA,0.02925,14.88,14.17,15.29,14.046,13.413,13.075,12.828
4046759,Sy2,E/S0,0.04847,17.94,17.34,17.442,15.844,15.082,14.629,14.334
1768762,Sy1,E,0.02718,17.01,16.29,16.727,15.404,14.606,14.227,13.936
6102353,Sy1,S,0.06347,17.15,16.56,18.397,17.01,16.301,15.91,15.622
5535810,Sy1,S,0.06228,16.2,15.74,17.209,16.072,15.549,15.194,14.955
1940061,Sy1,Sc,0.07884,16.66,16.02,17.954,16.469,15.652,15.221,14.909
2198881,Sy1,Sc,0.09138,19,18.25,17.9,15.818,14.881,14.449,14.145
2236296,Sy2,Sc,0.07966,19.06,18.28,18.476,16.607,15.696,15.193,14.809
2274242,Sy2,E,0.06453,18.29,17.73,19.152,17.346,16.735,16.43,16.102
2300736,Sy2,S0,0.05925,16.85,15.94,17.848,16.262,15.487,15.083,14.795
2301143,Sy2,Sbc,0.05505,13.71,12.69,17.398,15.836,15.098,14.737,14.484
2663750,Sy2,S,0.04502,18.9,18.21,17.573,16.026,15.299,14.922,14.634
5319793,Sy2,Sbc/Sc,0.19314,19.43,18.84,19.882,18.659,17.653,17.181,16.942
1690470,Sy1,Sa,0.04533,16.12,15.27,16.914,15.272,14.522,14.243,13.85
1939474,Sy2,Sa,0.00856592,14.51,13.49,14.487,12.514,11.662,11.237,10.913
1748956,Sy1,SB,0.010188917,12.05,11.5,14.76,13.263,12.418,12.086,11.784
2255955,Sy2,S0-Sa,0.0548,18.77,18.02,19.28,17.35,16.494,16.033,15.652
1847473,Sy1,S0/a,0.0994,19.07,18.36,18.235,16.651,15.773,15.323,15.055
1912948,Sy1,S,0.00743,14.7,13.6,14.708,12.734,11.843,11.416,11.135
1912366,Sy1,Sc(dSc),0.06408,18.02,17.5,16.422,15.39,14.821,14.434,14.19
1934885,Sy1,S0+,0.11578,18.36,17.91,17.739,17.211,16.66,16.231,16.029
1866542,Sy2,S,0.04736,18.45,17.75,17.352,15.931,15.219,14.814,14.504
1868041,Sy2,E,0.04738,17.91,17.2,18.102,16.332,15.549,15.165,14.827
1910955,Sy1,Sb,0.06614,18.03,17.17,16.07,14.918,14.334,13.947,13.739
1334064,Sy1,S,0.0542,15.95,15.37,17.024,15.525,14.808,14.426,14.126
467746,Sy2,0,0.04456,17.59,16.98,17.608,15.863,15.134,14.729,14.434
509441,Sy2,E,0.06349,18.46,17.88,19.042,17.424,16.8,16.501,16.286
465783,Sy2,Sa,0.07539,19.15,18.41,18.878,17.124,16.268,15.786,15.453
1845940,Sy1,S...,0.28198,19.97,19.58,19.285,19.22,18.711,18.479,17.85
607579,Sy1,E,0.12908,18.64,18.03,17.915,16.586,15.818,15.335,15.113
476074,Sy1,S,0.1193,18.64,17.97,17.368,16.077,15.246,14.827,14.521
1115166,Sy2,S0-Sa,0.05084,18.44,17.75,17.535,15.929,15.212,14.783,14.458
456288,Sy1,SBb,0.039,15.21,14.78,15.527,15.113,14.851,14.616,14.514
453979,Sy1,S,0.07843,18.54,17.87,17.997,16.539,15.862,15.472,15.213
474385,Sy2,Sb,0.0428,15.15,14.69,15.648,14.511,13.922,13.616,13.17
1393010,Sy1,dI,0.003702745,20.47,20.12,17.589,16.726,16.458,16.377,16.221
1847969,Sy1,Im/BCD,0.005270861,16.547,18.75,17.243,16.755,16.673,16.562,16.505
490079,Sy1,dI,0.00388,19.78,19.51,18.445,17.512,17.202,17.075,17.064
1372812,Sy2,0,0.07695,18.65,17.94,17.693,16.115,15.319,14.884,14.586
1393586,Sy2,Sb,0.07723,19.93,19.13,19.41,17.598,16.676,16.166,15.786
495512,Sy2,Sb,0.075,18.82,18.04,18.49,16.802,15.935,15.461,15.139
1904012,Sy1,S,0.0614,16.05,15.43,17.096,15.784,15.143,14.73,14.489
2107333,Sy2,Sb,0.104,19.66,18.86,19.16,17.387,16.482,15.976,15.592
1675857,Sy1,Irr,0.03294,17.67,17.21,17.764,16.123,15.484,15.157,14.905
1851052,Sy2,Sc,0.10779,19.35,18.66,18.59,17.044,16.169,15.717,15.366
2305430,Sy2,Sb,0.1248,19.24,18.49,18.875,17.209,16.306,15.861,15.57
2663744,Sy2,Sb,0.04364,20.13,19.33,19.34,17.174,16.261,15.811,15.328
442495,Sy2,Sd,0.05995,19.85,19.05,19.1,17.382,16.496,15.998,15.58
1362895,Sy2,E/S0,0.03168,17.12,16.51,16.698,15.168,14.45,14.073,13.797
12323,Sy2,SB0,0.012082,14.89,13.96,15.677,14.145,13.169,12.741,12.358
509455,Sy2,Sa,0.123,19.76,19,19.25,17.688,16.803,16.384,16.031
490659,Sy2,4,0.04671,18.12,17.34,17.311,15.362,14.522,14.08,13.731
1388846,Sy2,S,0.068,19.08,18.44,18.104,16.829,16.281,15.936,15.712
444172,Sy2,S,0.06145,18.85,18.28,18.03,16.705,16.123,15.778,15.545
443566,Sy2,Sa,0.095,18.71,17.93,19.139,17.216,16.246,15.758,15.341
1375621,Sy1,-1,0.04296,15.9,15.5,15.44,14.322,13.594,13.237,12.976
634324,Sy2,Sa,0.083,19.05,18.23,19.29,17.337,16.351,15.831,15.434
492121,Sy2,Sb,0.09816,19.8,18.97,19.07,17.314,16.311,15.772,15.347
492132,Sy2,Sb,0.08307,19.14,18.47,18.58,17.021,16.272,15.805,15.499
508877,Sy2,Sb,0.045,19.3,18.53,18.61,16.833,15.935,15.478,15.137
665173,Sy2,Sb,0.072,20.26,19.42,19.36,17.513,16.446,15.836,15.413
340354,Sy2,Sb,0.05524,18.94,18.2,18.33,16.469,15.51,14.94,14.497
492128,Sy2,Scd,0.04697,20.05,19.21,19.75,17.478,16.452,15.878,15.437
512356,Sy2,Sc,0.054,19.37,18.72,18.263,16.71,15.926,15.521,15.208
493605,Sy2,S,0.07195,19.55,18.78,18.465,16.945,16.235,15.809,15.52
490069,Sy2,Sb,0.042,19.47,18.72,18.77,16.909,16.014,15.506,15.142
490648,Sy2,Sb,0.067,20.33,19.59,19.64,17.954,17.156,16.659,16.321
490075,Sy2,Sb,0.051,18.85,18.08,18.051,16.254,15.35,14.838,14.434
465302,Sy2,Sc,0.047,17.16,16.37,18.77,16.95,15.899,15.34,14.908
1914063,Sy1,S,0.08215,18.151,18.85,18.605,17.753,17.5,17.206,17.161
1994064,Sy1,E,0.04677,17.8,17.11,17.996,16.233,15.368,14.948,14.664
1790085,Sy2,S,0.07854,19.26,18.58,18.069,16.615,15.871,15.454,15.165
1328939,Sy1,E...,0.04199,17.03,16.58,16.943,16.031,15.48,15.098,14.84
1388244,Sy2,0,0.0177,17.21,16.76,16.819,15.447,14.82,14.498,14.268
1669215,Sy1,E:,0.185,18.21,17.27,18.548,17.955,16.828,16.627,16.846
1599516,Sy2,S...,0.017252,15.48,14.54,16.6398,14.7804,13.942,13.5505,13.1676
1783664,Sy2,Sc,0.07799,15.67,15.36,17.101,15.543,14.665,14.231,13.933
1848201,Sy2,S,0.10594,19.7,19.01,19.25,17.849,17.062,16.624,16.33
1114396,Sy1,S,0.07835,17.47,16.38,18.98,17.499,16.787,16.235,16.039
1362497,Sy2,0,0.0275,18.08,17.36,17.593,15.764,14.814,14.322,13.926
1381514,Sy2,2,0.09878,19.78,18.97,20.369,18.419,17.411,16.931,16.711
1633260,Sy2,S,0.07318,18.95,18.23,17.946,16.559,15.868,15.497,15.242
1691430,Sy1,S,0.04819,18.89,18.26,17.263,16.044,15.41,15.061,14.798
1382709,Sy2,-3,0.08874,19.25,18.47,19.764,17.947,16.97,16.452,16.067
1373782,Sy1,dI,0.00634,21.14,20.79,18.914,17.941,21.448,17.648,17.388
1453318,Sy2,Sa,0.069,19.27,18.49,18.75,17.042,16.132,15.632,15.305
1367274,Sy2,Sc,0.03686,18.81,18.1,18.058,16.419,15.599,15.184,14.837
1830532,Sy1,S0,0.06,18.315,19.2,18.379,17.553,17.231,16.945,16.868
2877692,Sy1,Sa,0.05887,18.4,17.81,17.836,16.635,15.924,15.512,15.246
2877627,Sy1,E,0.058484,17.02,15.98,17.899,16.379,15.598,15.945,14.902
2858559,Sy2,Sa,0.09648,18.7,17.95,18.236,16.574,15.615,15.142,14.821
2138366,Sy2,S,0.101,19.38,18.71,19.334,17.641,16.789,16.399,16.111
2125254,Sy2,E,0.04593,16.424,15.86,17.921,16.088,15.233,14.773,14.441
2167766,Sy2,S0,0.078,19.04,18.33,20.003,18.102,17.133,16.653,16.293
2291638,Sy2,S,0.0781,19.1,18.38,18.467,16.849,16.043,15.639,15.342
2918333,Sy2,Sb,0.03961,18.61,17.9,18.387,16.636,15.772,15.324,14.925
2055241,Sy2,Sc,0.087,19.65,18.86,19.39,17.373,16.421,15.892,15.511
2236298,Sy2,Sb,0.05599,18.91,18.16,18.43,16.502,15.647,15.159,14.794
2895445,Sy2,Sc,0.03544,18.91,18.15,18.084,16.256,15.406,14.956,14.59
2919416,Sy2,Scd,0.081,20.17,19.36,19.661,17.992,17.096,16.588,16.195
2648164,Sy2,Sc,0.05191,19.51,18.71,18.035,16.279,15.396,14.899,14.481
1768305,Sy1,S0a,0.03562,17.46,16.91,16.877,15.725,15.019,14.633,14.363
6157281,Sy2,E,1.14825,23.62,22.945,24.6677,24.0963,22.4759,21.0427,20.4355
1961913,Sy2,S_AB,-0.000737,10.26,9.54,15.011,15.158,10.984,10.382,12.665
