OType,ra,dec,rvz_redshift,rvz_radvel,plx_value,u_,g_,r_,i_,z_
Sy2,212.3802375,5.192030556,0.2644,69068.1659,,19.86,18.932,18.169,17.816,17.487
Sy1,151.8804082,55.82202732,0.17296,47424.39573,,19.409,18.814,18.059,17.573,17.395
Sy2,187.8710359,67.03438005,0.10619,30153.25537,,18.057,16.615,15.84,15.407,15.144
Sy2,150.1343371,55.60859413,0.21498,57651.01933,0.2539,18.775,18.385,17.902,17.624,17.586
Sy1,174.1220833,21.59583333,0.0298,8800.758771,,,,,,
Sy1,119.500218,39.34138797,0.095,27133.02211,,15.185,15.02,14.599,14.219,14.226
Sy1,41.59487917,-1.171411111,0.02101,6232.486634,,18.951,18.023,17.744,17.629,17.477
Sy1,149.6414404,56.04010168,0.21546,57765.0467,,18.661,18.437,18.177,17.967,17.926
Sy2,142.2825167,0.44365,0.11732,33121.11215,,19.642,18.394,17.471,16.934,16.595
Sy1,23.634662,-1.076982,0.152545532,42278.75474,,20.025,18.969,18.541,18.207,18.078
Sy1,150.2218304,56.49650355,0.4427,105209.4219,0.5148,21.408,21.076,20.407,20.099,19.725
Sy1,150.9561036,57.11661511,0.29047,74833.90481,0.021,18.834,18.634,18.42,18.331,17.914
Sy1,153.827094,56.686113,0.29333,75455.88538,0.9508,20.059,19.605,18.852,18.496,18.035
Sy1,152.8809616,56.79432213,0.28981,74690.07706,0.0413,19.54,19.135,18.44,18.092,17.729
Sy1,148.3212557,28.60043735,0.65774,139822.1768,0.309,19.2907,19.0193,19.0177,18.8287,18.8014
Sy1,135.6131623,4.719330727,0.53194,120642.906,,19.6326,19.0867,18.8392,18.4439,18.3184
Sy1,291.8314138,65.5650933,0.017,5053.15793,0.1955,,,,,
Sy1,141.3035329,52.28621842,0.03552,10459.62361,,16.287,15.562,15.205,14.891,14.684
Sy1,129.5455762,24.89527606,0.02866,8468.976882,,16.042,14.452,13.633,13.23,12.882
Sy1,180.3098043,-3.678059737,0.01948,5783.086484,0.2847,15.51,14.83,14.328,14.102,13.898
Sy1,156.3803279,51.67635219,0.04459,13069.99518,,16.215,15.823,15.474,15.182,14.991
Sy1,239.7900966,35.02987815,0.03102,9155.393116,,15.658,14.615,14.047,13.671,13.358
Sy1,218.7185782,48.66186971,0.03664,10783.29175,0.0498,16.047,15.192,14.626,14.314,14.093
Sy1,65.00165353,-54.93795131,0.005036492,1506.1,0.1385,,,,,
Sy1,166.6977634,72.56869399,0.008,2388.74661,,,,,,
Sy2,170.8844922,-8.658536138,0.012340287,3676.7,0.323,,,,,
Sy1,311.0406269,-10.72353532,0.035,10309.22175,0.0082,,,,,
Sy1,205.5349173,35.65429653,0.00386,1154.965511,,14.051,12.772,11.622,11.278,11.004
Sy1,231.5256518,41.6706623,0.008506,2539.189739,,15.442,13.759,12.894,12.659,12.168
Sy1,214.4980835,25.1368342,0.01627,4837.948993,,14.812,13.355,12.626,12.323,12.058
Sy1,151.0839083,5.216778023,0.16012,44201.6685,,16.5957,16.4445,16.4036,16.0995,16.252
Sy2,133.5698508,50.44221286,0.095668,27314.34578,,19.47,17.858,17.005,16.439,16.134
Sy1,35.69267942,-4.247463674,0.614,133471.9084,,20.3368,19.7054,19.6406,19.3549,19.536
Sy2,199.4348195,33.46014499,0.10155,28905.33578,0.4,19.57,17.742,16.863,16.465,16.157
Sy1,199.5225716,33.82717181,0.035192815,10365,0.383,,,,,
Sy2,114.441194,40.362909,0.61374,133433.1814,,22.0944,21.7676,20.9496,19.986,20.0629
Sy1,166.7550343,18.43022325,0.17856,48815.48269,,19.439,17.873,16.962,16.507,16.313
Sy1,35.10478425,-4.748305273,0.760096,153478.6469,1.0284,20.3911,20.097,19.963,20.103,19.833
Sy1,176.9659687,14.00044011,0.20188,54514.85286,1.008,19.894,19.534,19.004,18.597,18.386
Sy1,124.4800647,31.47428211,0.12376,34821.96365,,19.412,17.627,16.805,16.28,16.007
Sy2,245.1571542,41.46692446,0.060552,17604.38009,,17.273,15.902,15.254,14.904,14.651
Sy2,226.211852,42.73448,0.02821,8337.903351,,18.053,15.8,14.96,14.489,14.103
Sy1,173.3499074,55.07108171,0.00906,2703.816148,0.3594,16.776,16.372,16.211,16.331,16.337
Sy1,198.8712027,33.96113728,0.30102,77118.05212,0.0851,18.961,18.944,18.7,18.649,18.217
Sy1,179.0417084,14.88049947,0.13971,38983.03843,0.0595,17.905,17.653,17.31,16.896,16.885
Sy1,198.8619473,34.20482342,0.32379,81953.27509,0.5974,22.215,20.544,19.345,19.04,18.35
Sy1,13.71715986,25.42749534,0.155,42903.64318,,15.327,15.342,15.258,14.75,14.96
Sy2,3.607186043,14.9373787,0.08284,23809.39875,,18.641,17.017,16.148,15.692,15.344
Sy2,17.22029243,13.33729522,0.059615,17340.29583,,,,,,
Sy1,18.45864305,-14.84565541,0.052549688,15340.6084,,,,,,
Sy1,23.69014517,-4.503638559,0.079114732,22782.49149,0.224,,,,,
Sy1,38.80605706,-29.60479233,0.059868084,17411.65071,0.2543,,,,,
Sy1,39.5821519,-52.19231775,0.045251,13259.2734,0.058,,,,,
Sy1,39.70406816,-40.64389698,0.061168984,17778.12863,,,,,,
Sy1,41.24040296,62.46847697,0.04,11752.0487,,,,,,
Sy1,46.89726634,-72.83405466,0.027,7985.160785,0.0051,,,,,
Sy1,73.01988484,49.54576411,0.029,8567.970048,0.1157,,,,,
Sy2,79.89921623,-32.65775642,0.012582038,3748.272132,0.1303,,,,,
Sy1,230.9411293,63.65674273,0.204,55025.55739,0.0048,,,,,
Sy1,47.68488678,32.65807968,0.127,35673.14319,,,17.2618,17.0546,16.221,16.2844
Sy1,206.6183994,19.37866718,0.08378,24067.87332,,17.33,16.463,15.809,15.327,15.107
Sy1,113.2883461,45.91840354,0.14137,39411.91242,0.063,16.1789,16.0773,15.9809,15.3376,15.6136
Sy1,8.569985133,-79.08895182,0.076950426,22184,,,,,,
Sy1,217.7699263,28.2872577,0.047330879,13854,0.0694,,,,,
Sy1,257.2463565,21.88560316,0.0719,20782.03681,,17.107,16.509,16.021,15.481,15.331
Sy1,18.46267036,13.27172338,0.04982,14564.05225,0.095,,,,,
Sy1,235.5999205,-14.18491092,0.0964,27512.89175,,,,,,
Sy1,100.0487164,-25.89529436,0.025821197,7641.091526,0.1205,,,,,
Sy1,246.3581288,85.49491617,0.062914,18268.9304,,,,,,
Sy1,198.4540281,36.89944615,0.06683,19367.05454,0.2803,18.277,17.141,16.509,15.989,15.808
Sy1,205.3036816,-14.64451328,0.041752,12255.84962,,,,,,
Sy2,69.55912779,-10.79584552,0.036124992,10634.50628,0.2042,,,,,
Sy1,118.0743618,19.59507818,0.11701,33038.93618,,16.1159,15.9255,15.7157,15.1153,15.4658
Sy1,208.9730316,38.57463334,0.05018,14666.59394,0.2051,17.394,16.553,16.221,15.727,15.673
Sy1,327.4919589,-18.98994025,0.157605699,43565.16744,,,,,,
Sy1,91.45399244,-27.91110956,0.089228395,25560.91601,,,,,,
Sy1,109.5025286,44.0908649,0.063448205,18419,,,,,,
Sy1,324.4383166,-14.54880431,0.199928312,54043.60707,0.0321,,,,,
Sy1,207.3302508,-30.30950384,0.015558363,4628,,,,,,
Sy1,323.6880695,-27.43209142,0.0668,19358.65922,0.066,,,,,
Sy2,222.888083,-55.67731428,0.018,5347.705593,1.1763,,,,,
Sy1,72.93337088,-58.18341525,0.091,26044.51607,0.017,,,,,
Sy2,60.60693089,-18.04761003,0.02636,7798.409103,,,,,,
Sy2,238.4316312,23.8070695,0.11761,33197.96125,,18.065,16.271,15.327,14.9,14.566
Sy1,171.8179319,19.15556542,0.105499652,29967.98502,0.4706,17.2856,15.9951,15.2707,14.8277,14.6289
Sy1,289.8668511,-29.9689069,0.16681874,45888.77134,,,,,,
Sy2,197.2733038,11.63411803,0.02515,7444.996822,,15.855,13.985,13.132,12.69,12.341
Sy2,86.81201244,50.64040972,0.036,10598.38441,,,,,,
Sy1,195.022283,16.53743305,0.07993,23007.57778,,18.13,16.419,15.456,14.928,14.514
Sy2,71.1571157,-28.16512365,0.147,40860.6107,,,,,,
Sy2,86.09400601,59.12665096,0.0674,19526.51501,,,,,,
Sy2,121.1933502,10.77667128,0.03474,10233.99053,,16.427,14.654,13.769,13.282,12.927
Sy1,344.7304825,40.93234989,0.01669,4961.787334,,,,,,
Sy2,111.6097252,-35.90604033,0.029624,8749.561673,0.3609,,,,,
Sy2,152.450782,-42.81125846,0.032859,9689.119888,,,,,,
Sy2,90.65827805,65.3712421,0.017,5053.15793,,,,,,
Sy2,196.0597002,-10.3395279,0.010382036,3096.3,0.465,,,,,
Sy2,40.51590465,5.168384577,0.07106,20548.12754,,,,,,
Sy2,189.132751,62.295897,0.679,142793.6418,,,,22.9936,,21.4133
Sy2,189.9652857,34.97493524,0.04306,12631.37792,,16.541,14.89,14.128,13.757,13.461
Sy2,198.8219433,44.40711164,0.03552,10459.62361,6.2949,16.731,15.09,14.304,13.884,13.568
Sy2,69.9960208,-59.68160698,0.0577,16799.761,,,,,,
Sy2,160.0929708,-46.42401389,0.02379,7047.250134,,,,,,
Sy2,175.570296,14.06660101,0.02074,6153.231659,0.0289,16.506,14.951,14.244,13.885,13.611
Sy1,324.9373469,59.8375071,0.114,32239.58597,,,,,,
Sy1,334.301099,14.23914385,0.066,19134.68561,0.008,15.137,14.895,14.501,14.036,13.969
Sy1,124.2129462,18.04715341,0.1595,44044.87987,,17.0804,17.0407,16.9174,16.3998,16.5613
Sy1,63.41808751,11.20410722,0.306,78186.5524,,,,,,
Sy2,147.4415292,73.23979167,0.058,16884.51203,,,,,,
Sy2,200.3242208,42.58760556,0.07938,22855.75047,,17.763,16.218,15.407,14.942,14.586
Sy2,212.836,52.2025,0.46169,108631.0623,,23.194,20.284,18.666,17.839,17.322
Sy1,278.7641234,32.69634888,0.058137,16923.20611,0.022,,,,,
Sy1,131.7254045,25.37008611,0.05079,14840.25707,,16.866,16.093,15.565,15.198,15.004
Sy2,129.4698287,44.84054962,0.20697,55738.96097,,20.307,18.498,17.144,16.615,16.309
Sy2,224.4741838,28.53853796,0.14404,40100.07717,,19.219,17.407,16.213,15.679,15.33
Sy1,146.9380975,7.422387703,0.08583,24630.66602,,17.5214,16.8908,16.5206,15.6957,15.8332
Sy1,169.2766621,44.22592334,0.14373,40020.28226,0.092,16.0283,15.8959,15.7893,15.2849,15.5829
Sy1,207.285007,44.69156206,0.065,18854.45193,0.099,18.454,16.864,16.038,15.573,15.295
Sy1,214.7659044,-13.179107,0.129,36197.05283,,,,,,
Sy1,214.9572441,-19.47368579,0.121,34094.49541,0.0402,,,,,
Sy2,217.6245086,13.65333541,0.08506,24419.42056,,16.85,15.799,15.432,14.875,14.959
Sy1,255.2824112,29.40682886,0.03595021,10583.99407,,16.42,15.536,14.839,14.481,14.192
Sy1,267.8067514,-20.20405019,0.047,13759.47369,0.1449,,,,,
Sy1,308.6306195,-30.62460712,0.019370067,5750.769359,,,,,,
Sy1,321.0012812,34.15321964,0.083,23853.41279,0.2834,,,,,
Sy1,46.144817,-0.475264,0.005683404,1699,,17.815,16.895,16.566,16.442,16.278
Sy2,162.0977721,-25.1620799,0.012575038,3746.2,,,,,,
Sy2,179.1545421,16.77539887,0.05177,15119.02495,0.088,18.157,16.248,15.399,14.993,14.621
Sy2,1.00834682,70.32171913,0.096,27404.41612,,,,,,
Sy1,1.581405141,20.20294928,0.025,7401.154861,0.0056,,,,,
Sy1,9.087246195,45.66491231,0.047716,13963.98112,0.0786,,,,,
Sy1,20.94067981,-58.80578026,0.047,13759.47369,,,,,,
Sy2,23.490629,-36.493279,0.03008,8882.18961,,,,,,
Sy1,29.29560375,47.26646233,0.049,14330.341,0.1841,,,,,
Sy1,53.32829037,37.30310128,0.0547,15950.77973,,,,,,
Sy2,71.62399167,18.46091111,0.01547,4601.920252,,,,,,
Sy1,177.8332171,16.99327402,0.10378,29505.87393,0.8975,19.36,17.555,16.591,16.126,15.807
Sy2,100.3250578,32.82545413,0.049,14330.341,,,,,,
Sy1,106.8045779,64.59971542,0.0795,22888.88404,,,,,,
Sy1,114.2376107,58.77039784,0.00632104,1889.010934,0.0022,,,,,
Sy2,115.6737639,65.17706881,0.038049188,11190,,16.891,15,14.387,13.937,13.689
Sy1,115.811375,-25.76401773,0.023,6815.951926,,,,,,
Sy2,120.087435,26.61351568,0.02674,7909.307693,,15.856,14.159,13.377,12.99,12.695
Sy2,121.9208157,39.00423528,0.02335,6918.448863,,16.105,14.698,14.079,13.748,13.54
Sy1,124.7405028,-22.87671585,0.035,10309.22175,0.0823,,,,,
Sy2,130.0097333,29.817425,0.06484,18809.58704,,17.422,15.612,14.715,14.253,13.998
Sy1,140.9291688,22.90904889,0.03322,9793.773008,,15.825,14.797,14.131,13.737,13.435
Sy2,141.5726167,-84.35919167,0.0629,18264.99637,,,,,,
Sy1,157.9763224,-14.28093836,0.086,24677.28113,,,,,,
Sy1,159.6881954,-49.78157744,0.06,17448.83585,0.0309,,,,,
Sy1,160.8603259,11.09007243,0.04753,13910.86957,0.3548,16.843,16.595,16.522,16.075,16.08
Sy1,174.7873788,59.198547,0.061,17730.55242,0.0418,15.4292,15.5204,15.5745,15.2195,15.4204
Sy1,176.3164318,79.68149352,0.067258719,19487,,,,,,
Sy1,176.979495,9.041339329,0.06871,19892.62972,,16.444,16.074,15.796,15.233,15.266
Sy2,206.329825,41.71235376,0.00873,2605.764564,0.2787,15.252,13.612,12.144,11.605,11.22
Sy1,207.4701705,2.079208765,0.03288,9695.208809,0.0325,16.804,15.61,14.954,14.611,14.338
Sy1,215.3739464,47.79013355,0.073,21088.03111,,15.1556,15.0614,15.0474,14.5565,14.7223
Sy2,237.1039432,-13.75756721,0.025350871,7503.69687,0.1093,,,,,
Sy1,267.2297083,-32.91447222,0.02,5935.902423,,,,,,
Sy2,270.030216,66.6151001,0.026555,7855.322987,,,,,,
Sy2,276.6349792,32.85834167,0.022,6522.901476,,,,,,
Sy1,295.0628966,-30.26435468,0.054411518,15869,,,,,,
Sy2,302.5725039,48.00590363,0.026,7693.307428,,,,,,
Sy2,304.5053918,-55.65877502,0.060252,17519.8564,,,,,,
Sy1,308.7735387,26.05830319,0.05,14615.32792,0.3627,,,,,
Sy2,306.733,-2.2774,0.029073,8589.219954,,,,,,
Sy1,317.2915406,-9.67076532,0.02651501,7843.652169,0.0141,,,,,
Sy1,319.8713667,33.549075,0.050591666,14783.80488,,,,,,
Sy1,323.9750838,47.47274759,0.02523,7468.376448,0.2281,,,,,
Sy1,334.9572566,26.22442543,0.08771,25145.70179,0.0124,,,,,
Sy1,350.1524283,64.51244141,0.0717,20726.36306,,,,,,
Sy2,191.9910125,-58.49999167,0.028,8276.714976,,,,,,
Sy1,276.0451044,18.76909182,0.07,20252.65848,0.4381,,,,,
Sy2,301.638825,56.34344444,0.043,12614.16302,,,,,,
Sy2,221.6665419,33.30122531,0.07046,20380.92172,,18.229,16.358,15.485,15.07,14.704
Sy2,330.5079042,-31.86988889,0.008626482,2575,,,,,,
Sy2,189.046834,62.150947,1.1396,192299.2816,,,,23.9524,23.006,22.334
Sy2,139.5010858,4.418378596,0.15637,43251.69261,1.585,19.54,18.192,17.103,16.7,16.458
Sy1,34.47318016,-19.97209209,0.467403353,109645.5877,,,16.9159,17.0855,17.2337,17.2795
Sy1,224.5195775,4.054485258,0.69886,145503.8364,0.0949,19.7985,19.264,18.9625,19.0592,18.8487
Sy1,227.4216175,18.76696142,0.3258,82373.95961,,19.2044,18.986,18.7127,18.6359,18.2045
Sy2,189.1247917,62.09508333,0.48,111858.3695,,,,21.3949,,20.2677
Sy1,189.139625,62.23838889,3.408,270444.8663,,,,25.257,25.017,25.1457
Sy1,185.4031013,34.59464074,0.29925,76736.7892,,18.174,18.419,18.425,18.532,17.898
Sy1,206.7386818,36.54760057,0.24655,65018.97785,,17.983,17.9316,17.564,17.343,17.185
Sy1,218.1871705,30.2431527,0.35456,88286.18597,,19.1445,18.8718,18.523,18.6623,18.0842
Sy1,235.0177076,35.84725837,0.16349,45051.99473,0.0199,17.107,17.161,16.991,16.701,16.9348
Sy1,189.1525875,62.22966667,0.959,175851.8931,,22.057,21.777,21.8522,21.379,21.1619
Sy1,220.5117801,43.61910598,0.23134,61502.43894,0.0325,17.16,17.189,17.208,16.854,16.991
Sy1,9.472592,-1.191035,0.080168795,23073.46919,,20.047,19.029,18.666,18.379,18.219
Sy1,11.611609,-1.202572,0.1193,33645.3216,,18.961,18.03,17.598,17.289,17.125
Sy1,220.2115295,52.07943794,0.31875,80894.07022,,17.584,17.0166,17.329,17.0616,16.848
Sy2,189.1847083,62.24805556,1.487,216344.8848,,,,24.188,24.71,23.1762
Sy2,140.5095232,13.50511435,0.079,22750.79952,,,,,,
Sy1,11.85832669,-1.183254633,0.141444519,39431.1465,,19.312,18.374,17.935,17.596,17.511
Sy1,192.5370764,10.75233163,0.19011,51657.05336,0.2826,19.681,19.106,18.539,18.107,17.908
Sy2,53.11509583,-27.69580833,0.66528,140884.456,,,,22.8026,21.616,21.3017
Sy2,151.3238374,45.85809913,0.06912,20007.11085,,17.998,16.08,15.242,14.816,14.507
Sy1,139.072767,1.110656,0.35691,88760.52994,,20.51,20.02,19.12,18.82,18.4
Sy2,258.495841,33.607137,0.03867,11368.98543,,19.046,17.523,16.727,16.224,15.843
Sy1,149.5413375,2.182675,0.8376,162800.0182,,21.35,21.4,21.43,21.67,21.06
Sy1,190.2921048,10.69548393,0.15621,43211.07189,0.3388,19.538,19.28,18.749,18.465,18.463
Sy2,53.04753125,-27.78054806,0.575,127528.8801,,,,22.7176,21.58,21.3006
Sy1,160.3853228,17.39946371,0.12361,34782.48386,1.2727,19.102,17.928,17.182,16.774,16.52
Sy2,254.542111,62.41564996,0.1194,33671.76673,,18.502,16.824,15.845,15.383,15.047
Sy1,14.488959,-1.205293,0.132691797,37161.11477,,20.106,18.964,18.434,18.077,17.903
Sy2,189.33275,62.16536111,2.647,257865.2285,,,,24.8364,,24.416
Sy2,189.3999167,62.30144444,0.634,136415.8627,,,,,,23.2
Sy2,189.4022083,62.22555556,0.853,164556.1492,,,,23.5242,,21.5987
Sy2,189.4341875,62.2329,0.5116,117266.7775,,,,22.1358,,20.7624
Sy2,189.4520833,62.22019444,0.911,170902.712,,,,24.0246,,21.8366
Sy2,173.2847348,23.982805,0.101,28756.99784,,,,,,
Sy2,149.8730988,-22.82631871,0.008039522,2400.5,,,,,,
Sy1,177.2194228,15.23772897,0.11338,32074.60941,0.2346,19.496,18.041,17.201,16.661,16.368
Sy2,177.6384613,30.33413656,0.134,37501.79449,,,,,,
Sy1,358.634949,-0.046996,0.02228,6604.985777,,19.196,18.286,17.883,17.675,17.581
Sy2,189.408078,62.219263,1.241,200228.0523,,,,25.2404,,22.7101
Sy1,181.2909934,22.55574828,0.104,29565.04122,,,,,,
Sy2,191.9850523,43.26091048,0.04051,11898.79758,,18.482,16.815,16.018,15.61,15.268
Sy1,159.4969162,61.88635417,0.06969,20166.18489,,17.313,15.944,15.295,14.916,14.684
Sy2,148.8882194,69.06529514,-1.20E-04,-36,0.1495,11.673,9.635,8.708,8.373,7.921
Sy1,198.868924,36.3854132,0.15053,41764.33863,0.2022,19.112,18.649,18.175,17.84,17.667
Sy1,157.462415,61.77854201,0.11679,32980.60087,0.059,18.552,18.119,17.658,17.188,17.15
Sy1,118.1859974,43.68480467,0.179832,49130.23952,,21.4107,19.9744,18.9373,18.3037,18.2037
Sy2,184.7400833,47.30371944,0.0016,479.2841989,,12.504,10.917,10.098,9.658,9.382
Sy2,197.9102107,40.21195048,0.10656,30252.49601,,18.816,17.218,16.29,15.84,15.512
Sy2,199.0463718,57.38695205,0.13477,37702.08685,,19.842,18.291,17.267,16.735,16.35
Sy1,159.1414677,62.16101166,0.14886,41337.23746,,17.824,17.696,17.323,16.86,16.794
Sy1,198.5144834,36.91087318,0.29673,76192.61751,,19.386,19.134,18.574,18.385,17.959
Sy2,207.9287905,43.166631,0.09293,26570.30579,,18.263,16.508,15.665,15.25,14.952
Sy2,208.4347059,25.08667548,0.13827,38610.36505,,20.541,18.117,17.053,16.562,16.215
Sy2,181.2143984,2.759828681,0.16858,46330.2565,,20.53,18.461,17.322,16.825,16.465
Sy2,216.265989,62.05318558,0.10872,30831.05122,,19.278,17.4,16.444,16.005,15.685
Sy1,218.637098,32.66298848,0.12006,33846.23201,,18.484,17.282,16.569,16.186,15.885
Sy1,148.1751339,58.69825778,0.14271,39757.53779,,19.167,18.055,17.208,16.747,16.468
Sy2,220.6563369,33.03847614,0.057,16601.9046,,,,,,
Sy1,356.7379914,0.941424084,0.18,49171.77751,,19.007,18.05,17.435,17.071,16.89
Sy2,224.1992694,26.33695088,0.062,18011.97221,,,,,,
Sy2,224.4994426,41.87378146,0.15434,42735.7801,,18.947,17.384,16.353,15.966,15.618
Sy2,203.1163966,24.01695902,0.08597,24669.05556,,19.506,17.401,16.504,16.087,15.793
Sy2,225.1716618,5.404972769,0.119,33565.96886,,18.99,17.151,16.139,15.723,15.332
Sy2,225.9694869,24.87612467,0.122,34358.32504,,,,,,
Sy1,226.1482603,24.37095041,0.0629,18264.99637,,19.441,18.065,17.384,17.025,16.771
Sy1,301.7413598,-34.54851575,0.025269776,7480,0.0716,,,,,
Sy1,145.5199517,23.68527168,0.0213,6317.588037,,16.283,14.953,14.28,13.94,13.668
Sy1,146.7145734,59.02499363,0.23182,61614.35459,,18.853,18.564,18.093,17.749,17.562
Sy1,351.4760418,21.8871866,0.1195,33698.20896,,,,,,
Sy2,128.3625191,40.03464583,0.20337,54873.91974,,20.062,18.263,17.084,16.596,16.246
Sy1,147.8720633,59.13236662,0.33,83249.81796,0.3368,,,,,
Sy1,213.103459,-0.83216539,0.02601,7696.227442,,17.02,16.087,15.637,15.393,15.171
Sy2,55.52333333,-6.910277778,0.233,61889.21913,,,,,,
Sy1,202.5444736,35.75417904,0.14522,40403.56203,0.2035,19.66,18.585,17.863,17.437,17.203
Sy2,202.5344009,36.14344558,0.07269,21001.83255,0.0595,18.159,16.462,15.664,15.232,14.977
Sy2,138.1685333,57.88138611,0.19497,52841.69672,,20.802,18.814,17.516,17.009,16.666
Sy1,144.301364,50.14780488,0.275505,71545.4948,0.0792,20.051,19.526,18.787,18.369,17.916
Sy1,150.3797954,59.6609362,0.30538,78053.86378,0.207,19.36,20.88,18.71,18.71,18.68
Sy1,181.3776839,16.82819712,0.21694,58116.2386,0.0092,18.098,17.438,16.878,16.511,16.339
Sy2,132.0403,35.2589,0.056726,16524.4183,,,,,,
Sy2,232.3437379,36.36174036,0.09893,28197.91565,,18.459,16.561,15.573,15.118,14.776
Sy1,214.1284076,1.618896719,0.05401,15755.13559,0.1639,16.652,15.435,14.758,14.362,14.063
Sy1,131.1195504,16.28169706,0.14884,41332.11768,,19.072,18.748,18.252,17.665,17.698
Sy1,143.5899235,31.6263173,0.12366,34795.64451,,18.02,16.994,16.426,15.961,15.862
Sy1,324.1123389,8.658866024,0.09368,26774.33356,,18.509,16.975,16.209,15.749,15.45
Sy1,325.4138994,0.649337846,0.1122,31760.3135,0.1031,18.727,17.547,16.881,16.523,16.276
Sy2,171.7652245,12.94871168,0.15252,42272.24552,,20.025,18.239,17.463,17.008,16.759
Sy1,219.175324,2.385689,0.02261,6701.697858,,16.79,15.947,15.751,15.616,15.519
Sy2,195.3284167,33.82663611,0.1485,41245.06391,,19.75,18.006,16.962,16.452,16.167
Sy2,201.2155292,-1.035022222,0.10672,30295.39854,,18.602,16.903,16.062,15.656,15.315
Sy1,344.9356576,21.17574342,0.10133,28846.0112,1.6578,18.741,17.401,16.454,15.91,15.539
Sy1,8.52314255,-8.990427729,0.45727,107841.4931,,20.0297,19.7206,19.5891,19.2232,18.9061
Sy2,232.651165,-0.514009939,0.1298,36406.29435,,20.768,18.352,17.146,16.601,16.127
Sy1,8.523802413,-0.263420974,0.69753,145324.2839,1.1985,20.2182,20.0437,20.1017,20.0636,19.8603
Sy2,235.6698969,27.89741777,0.07434,21460.30464,,18.304,16.329,15.292,14.767,14.349
Sy1,174.1224417,21.59603611,0.03,8858.926048,,,,,,
Sy2,5.144545833,-0.470816667,0.07154,20681.81553,,18.78,17.035,16.035,15.461,15.077
Sy2,149.734626,60.29486727,0.15122,41940.57433,1.6423,19.712,18.382,17.468,17.07,16.862
Sy2,146.9560542,-0.342294713,0.13468,37678.68483,,20.941,18.915,17.612,17.036,16.515
Sy2,196.1137696,39.16377157,0.06634,19229.89756,,18.51,16.62,15.733,15.255,14.91
Sy2,226.9766116,1.138000363,0.06102,17736.18372,,17.916,16.354,15.645,15.213,14.94
Sy2,250.9999386,32.16937772,0.1362,38073.60737,,20.256,18.447,17.333,16.82,16.43
Sy2,353.1121451,-1.201683997,0.09349,26722.66212,,18.99,17.229,16.343,15.874,15.528
Sy1,150.4311629,61.32946872,0.07351,21229.77984,1.063,19.21,17.721,16.878,16.422,16.157
Sy2,145.2178196,59.46093107,0.11741,33144.96448,1.5001,19.88,18.355,17.486,17.054,16.827
Sy1,8.543004042,0.397208383,0.79711,158033.3557,,20.4275,20.2317,20.1339,20.1265,19.7758
Sy1,145.5606918,59.9945139,0.07538,21748.86775,0.1922,17.974,16.878,16.124,15.7,15.448
Sy1,9.292653,0.857992,0.16,44171.33078,,19.43,18.792,18.478,18.302,18.291
Sy1,204.4604636,38.61210813,0.21159,56843.92327,0.129,18.438,17.846,17.378,17.081,16.906
Sy1,4.470066,-1.216857,0.19,51630.16505,,20.053,19.119,18.537,18.141,18.032
Sy1,231.9295353,14.29696082,0.14903,41380.75106,,19.914,18.302,17.408,16.953,16.656
Sy2,214.2685372,0.507965507,0.02569,7602.772135,,18.421,16.7,15.827,15.381,15.047
Sy2,180.2397402,-2.756654849,0.03506,10326.57993,,18.75,16.898,15.935,15.429,15.01
Sy1,8.56303759,-0.130047459,0.6969,145239.136,0.6353,20.8668,20.4252,20.3198,20.2756,19.9728
Sy1,193.2759165,12.69901146,0.283,73199.58225,,19.46,19.132,18.838,18.907,18.432
Sy2,145.494948,60.80502438,0.091,26044.51607,,,,,,
Sy1,189.7375017,10.94011499,0.11813,33335.69864,0.1614,18.895,18.443,18.111,17.715,17.688
Sy2,133.4052116,1.71770983,0.05819,16938.17386,,17.99,16.346,15.587,15.171,14.858
Sy1,145.4576566,61.19967668,0.12358,34774.58712,1.8829,18.603,17.499,16.698,16.195,15.966
Sy1,147.1022955,61.66579658,0.17,46685.56619,0.0672,19.41,18.999,18.665,18.516,18.79
Sy2,218.7266912,-1.271657659,0.05634,16415.22093,,18.495,16.701,15.803,15.299,14.923
Sy2,137.468341,-0.504666319,0.04825,14116.40539,,18.983,17.233,16.323,15.847,15.466
Sy1,200.901734,38.27835567,0.21453,57544.062,0.0288,19.928,19.188,18.11,17.6,17.326
Sy1,8.602353648,14.39826493,0.57567,127633.2921,,19.9722,19.5261,19.4961,19.2898,19.2307
Sy2,121.1292083,36.12169444,0.66,140141.5591,,22.05,21.36,20.62,19.96,19.91
Sy1,28.53529167,-9.770916667,0.01,2982.935699,,18.82,17.918,17.613,17.499,17.35
Sy1,245.461136,0.585923,0.09,25771.65639,,19.38,18.588,18.25,17.796,17.743
Sy2,150.115333,61.83853002,0.09,25771.65639,1.3615,20.369,18.164,17.224,16.688,16.382
Sy1,150.5073845,62.13786976,0.13328,37314.35423,0.0301,18.24,18.088,17.995,17.523,17.631
Sy2,147.4279182,61.50570519,0.114,32239.58597,0.8113,19.23,17.648,16.78,16.365,16.036
Sy2,109.1300259,-29.32468967,0.005554,1660.423546,,,,,,
Sy2,186.4450833,12.66206944,0.008424623,2515,,13.528,12.301,11.585,11.191,10.85
Sy1,249.2508934,22.35388113,0.21082,56660.16597,,20.191,18.743,17.625,16.978,16.671
Sy1,149.9122177,62.35199387,0.28688,74050.23619,1.2504,20.45,19.757,19.107,18.983,18.489
Sy1,155.6403749,58.45136914,0.0771,22225.4059,1.3009,18.835,17.42,16.6,16.157,15.872
Sy2,170.4463246,11.73858607,0.050201396,14672.68721,,,,,,
Sy1,8.632267013,-0.220212952,0.381,93548.31947,,18.2863,18.1119,18.1624,18.2041,17.6709
Sy1,159.0353144,60.04170624,0.25815,67659.85492,0.0926,19.399,19.196,18.846,18.722,18.468
Sy1,40.36130625,-0.757293565,0.725,148977.1985,0.195,18.6158,18.3413,18.3066,18.2859,18.3328
Sy1,344.4126045,-36.93514676,0.039047013,11477.62539,0.0565,,,,,
Sy1,14.360412,-0.96614,0.140914152,39294.21895,,19.51,18.638,18.225,17.904,17.879
Sy2,340.6150019,-0.71982589,0.09129,26123.59049,,18.641,17.108,16.29,15.842,15.573
Sy1,9.624675828,-43.74843255,1.567,220790.444,0.0253,,17.782,17.641,17.524,17.559
Sy2,160.3849417,61.46040533,0.13183,36936.41877,,20.002,18.343,17.503,17.092,16.755
Sy1,8.722685016,13.80540444,0.618,134066.2249,,20.3588,19.8938,19.8406,19.4814,19.4458
Sy1,208.959168,20.77069797,0.19618,53135.62746,,16.1819,15.9817,15.7054,15.3682,15.5249
Sy2,214.3050728,31.20264917,0.070259416,20325,,17.236,15.343,14.448,14.015,13.704
Sy1,8.739256533,0.826068809,0.72374,148812.175,3.7207,21.5631,21.2136,20.7544,20.7616,20.2587
Sy1,214.9567936,31.31561837,0.22997,61182.67441,0.4415,18.001,18.081,17.973,17.548,17.632
Sy1,8.74531,13.08952,0.74186,151162.418,,21.7911,21.395,20.681,20.339,19.9391
Sy1,40.92073974,-0.433667482,0.2681,69897.10761,,20.2128,19.8581,19.2108,19.0233,18.4464
Sy1,277.5965094,73.21964173,0.123,34621.86579,,,,,,
Sy1,120.3732065,46.43969427,0.31542,80190.81091,0.9749,19.6454,19.3848,19.0609,18.8736,18.4494
Sy1,132.5048719,46.43349114,0.52367,119279.9692,0.2975,19.8407,19.1567,18.8663,18.5381,18.4824
Sy1,41.71612396,-1.12576103,0.62197,134653.3384,1.7013,20.3273,19.9571,20.001,19.7535,19.643
Sy1,131.267339,47.534425,0.12274,34553.37297,,17.697,16.965,16.581,16.147,16.09
Sy2,118.10578,36.45526014,0.046,13473.59314,,19.331,17.405,16.508,16.071,15.691
Sy1,116.2129266,35.71986819,0.05,14615.32792,,18.249,17.383,17.151,16.879,16.801
Sy2,116.1718701,33.93082563,0.125,35148.08128,,,,,,
Sy1,187.7193424,14.55148048,0.1151,32532.01188,0.6729,18.141,17.302,16.669,16.232,16.014
Sy2,187.7648878,14.78041183,0.10989,31143.86845,0.9907,19.692,18.06,17.196,16.783,16.544
Sy1,42.5293003,0.423716449,0.19736,53421.88306,0.0608,17.9846,17.9477,17.7803,17.3613,17.5009
Sy2,214.273045,32.21100825,0.21129,56772.34866,1.7089,21.61,18.798,17.534,17.006,16.757
Sy1,152.6100558,63.72655328,0.159,43918.35839,0.4986,20.066,18.629,17.61,17.165,16.89
Sy1,9.559199583,-43.55418333,1.4,211096.4645,,,18.367,18.066,18.02,18.071
Sy1,35.3909644,-5.811900409,0.500665,115417.9942,0.0516,18.539,18.163,18.16,18.006,17.995
Sy1,186.4198666,14.5848074,0.16223,44734.44322,0.0087,20.297,19.8,19.175,18.826,18.678
Sy1,187.1867786,65.70962659,0.08916,25542.22743,,19.4,17.938,17.2,16.784,16.5
Sy1,252.262046,22.666541,,,,22.41,21.302,21.14,20.003,20.85
Sy2,230.658765,33.526639,0.1253,35226.91408,,17.316,16.795,16.451,15.891,16.077
Sy1,200.6327833,26.53328611,0.14412,40120.66496,,20.2,18.59,17.56,17.111,16.8
Sy1,37.26214543,-4.274569583,0.607553,132508.1384,0.5282,19.367,19.041,19.211,19.77,19.87
Sy1,216.1997315,32.82659106,0.21016,56502.53149,0.2367,19.546,19.184,18.787,18.445,18.417
Sy1,194.3115848,14.30770311,0.28952,74626.84514,0.306,19.76,19.176,18.293,17.925,17.504
Sy2,197.7431962,2.786265443,0.08438,24232.72111,,18.69,17.036,16.191,15.714,15.425
Sy2,219.7456135,2.793070376,0.0985,28081.62071,,18.939,17.533,16.758,16.33,16.06
Sy2,260.9939911,57.39660216,0.13426,37569.44469,,20.399,18.568,17.545,17.016,16.641
Sy2,48.9466046,-5.979340727,0.12524,35211.1496,,20.376,18.267,17.285,16.773,16.393
Sy1,171.905,8.500833333,0.019,5641.953747,,,,,,
Sy2,216.9306315,36.66867711,0.0844,24238.21421,2.8687,17.9,16.699,16.06,15.604,15.384
Sy1,8.86442,-0.340835,0.491873,113914.1385,,22.5614,21.7941,21.401,20.8142,20.4123
Sy1,197.7065124,14.87898377,0.13042,36568.32992,,19.68,18.341,17.446,17.036,16.767
Sy2,10.30726493,-9.875417629,0.09499,27130.30669,,18.374,16.665,15.817,15.303,15.055
Sy2,120.905527,39.442535,0.06554,19005.81492,,17.717,15.765,14.911,14.395,14.057
Sy2,130.2794671,3.578159963,0.27404,71220.49913,,21.416,20.023,18.712,18.521,18.132
Sy2,150.5086829,5.862675075,0.20821,56036.10121,,19.557,18.319,17.211,16.838,16.737
Sy2,238.1069527,27.89540041,0.07448,21499.16828,,18.053,16.502,15.708,15.23,14.95
Sy1,8.89153671,-0.692119683,0.61757,134002.4694,0.8499,20.5424,20.2058,20.2159,20.064,20.244
Sy1,217.0733608,38.12847607,0.16839,46282.67217,0.2718,19.155,18.32,17.698,17.291,17.148
Sy1,191.0216957,14.38099957,0.15326,42460.82888,0.7583,18.182,17.783,17.142,16.711,16.463
Sy1,234.3993892,14.72154551,0.14989,41600.75278,,19.631,18.538,17.723,17.26,17.019
Sy1,239.1953373,6.747705018,0.17537,48024.13289,,19.103,18.206,17.523,17.089,16.836
Sy2,165.5541247,64.99025187,0.07757,22355.47082,1.2025,18.76,17.098,16.207,15.426,15.245
Sy2,165.894708,65.18563339,0.114,32239.58597,0.2266,19.909,18.066,17.115,16.674,16.309
Sy1,8.911462916,19.76554912,0.301,77113.74845,,22.1744,21.3974,20.5423,20.1864,19.8377
Sy1,194.8061062,13.6423616,0.12403,34893.01092,,20.376,18.69,17.762,17.141,16.788
Sy1,193.2214101,13.56884457,0.2658,69382.23648,0.5116,19.847,19.514,18.962,18.723,18.43
Sy2,195.887867,14.83903766,0.03533,10404.67845,,17.538,15.678,14.84,14.432,14.072
Sy2,62.2141,-24.3042,2.439998,253072.4762,,,,,,
Sy1,8.964259923,0.595994501,0.43069,103005.5412,0.2565,20.304,19.9876,19.7175,19.3738,18.9066
Sy1,28.91255454,-31.85225947,0.63,135832.5696,,,,,,
Sy1,326.1188827,-28.72857176,0.54,121958.5168,,,,,,
Sy2,121.0134218,35.99303485,0.04411,12932.46491,,19.757,18.12,17.294,16.841,16.5
Sy2,128.6722181,42.13203937,0.12333,34708.77087,,19.973,18.281,17.352,16.909,16.584
Sy2,136.9656153,9.72728712,0.08097,23294.4257,,19.985,18.191,17.262,16.736,16.362
Sy2,346.2360134,12.32287705,0.007967227,2379,,14.454,12.851,11.951,11.513,11.045
Sy1,35.06073179,-7.48313182,0.21343,57282.37978,0.0557,17.796,17.77,17.536,16.979,17.11
Sy1,233.1200002,4.899556561,0.2182,58414.75956,,17.7639,17.8262,17.6745,17.23,17.4499
Sy1,216.8983654,26.53737255,0.36361,90105.75542,1.3,16.6355,16.6002,16.6048,16.6875,15.9664
Sy1,208.6486976,18.08819569,0.15147,42004.39449,0.0391,16.3501,16.4921,16.4781,16.0297,16.3243
Sy1,219.567346,-6.972406363,0.129,36197.05283,0.0597,,,,,
Sy2,144.7223099,50.6276249,0.20795,55973.83231,,19.636,18.424,17.533,17.104,16.805
Sy1,143.3019769,61.32676422,0.12266,34532.29434,0.1056,19.736,19.382,18.864,18.405,18.238
Sy2,169.3516192,25.69261341,0.04781,13990.81852,,20.587,18.441,17.564,17.08,16.717
Sy2,215.0091458,37.89984992,0.12092,34073.37655,1.9592,18.744,17.386,16.637,16.227,15.964
Sy2,142.8181527,61.88473702,0.164,45180.4004,,20.167,18.245,17.147,16.684,16.379
Sy2,200.2463441,45.44653571,0.09168,26229.89305,,19.58,17.701,16.756,16.3,15.959
Sy2,219.5493789,24.52512342,0.01656,4923.462066,,17.481,15.77,14.908,14.481,14.179
Sy2,191.2065965,15.37103778,0.07603,21929.05749,0.0628,18.149,16.836,16.155,15.699,15.478
Sy1,191.4317382,15.61020751,0.25325,66548.6156,,18.451,18.248,17.752,17.452,17.162
Sy1,190.6603107,15.49297658,0.07034,20347.46778,0.0498,17.641,16.755,16.08,15.585,15.337
Sy1,214.6505153,39.54933729,0.291,74949.32303,0.0844,19.375,19.1,18.6,18.394,17.898
Sy1,147.1385553,62.94822768,0.22,58840.4744,1.4449,,,,,
Sy1,192.9172987,16.41127178,0.12987,36424.59423,0.1754,18.323,17.562,17.082,16.572,16.535
Sy1,148.091507,63.41084244,0.11976,33766.94523,0.3965,17.966,16.894,16.226,15.811,15.576
Sy1,353.3830761,-30.25781605,0.181,49418.86498,,,,,,
Sy2,243.9676712,38.44219427,0.18543,50510.12116,,20.22,18.491,17.372,16.932,16.581
Sy1,191.6170649,16.75636501,0.459,108151.0232,,,,,,
Sy1,147.513892,63.59771821,0.19009,51652.16483,0.1561,19.569,19.426,19.125,18.753,18.734
Sy2,147.2656906,63.83155012,0.0752,21698.94699,0.4232,18.516,16.712,15.843,15.357,15.011
Sy1,189.6618577,16.22675334,0.12147,34218.53133,0.671,18.932,18.087,17.413,16.993,16.751
Sy2,198.6188608,17.01670351,0.07491541,21620,,17.938,15.98,15.025,14.56,14.19
Sy1,198.9090082,17.07486449,0.25229,66330.16723,0.1666,19.907,19.428,18.899,18.695,18.507
Sy2,155.8833227,64.87784015,0.04,11752.0487,,,,,,
Sy1,157.5583881,65.47430043,0.29078,74901.42221,0.3548,19.6,19.288,18.967,18.947,18.483
Sy1,39.6142322,1.907710343,0.024397,7224.842235,0.0607,,,,,
Sy1,28.28222625,0.217801811,0.33846,85001.038,0.2026,19.449,19.2741,19.0829,19.0574,18.4702
Sy1,28.96931387,-0.65387911,0.42169,101333.4256,0.5226,22.2373,20.7429,20.0314,19.4336,18.9292
Sy1,152.9683505,61.00347106,0.10759,30528.55054,,19.382,17.994,17.229,16.767,16.546
Sy1,36.42313188,-8.827822346,0.35385,88142.61612,0.0761,19.4216,19.2869,19.19,19.1518,18.6247
Sy1,38.84221994,-7.407699368,0.35802,88984.12739,,18.86,18.7708,18.7178,18.6357,18.1869
Sy1,45.43690297,-0.734900496,0.38332,94002.29436,0.7374,19.7776,19.5654,19.5412,19.4204,18.9664
Sy2,214.4696153,34.44317995,0.12767,35848.78121,1.0972,18.642,17.189,16.299,15.882,15.631
Sy1,45.58525683,0.327086355,0.77291,155077.3856,0.4052,20.7872,20.0596,19.6338,19.4479,19.2634
Sy1,52.7460594,1.164470847,0.55694,124683.2201,,20.2088,19.5768,19.4036,19.1058,19.1431
Sy1,54.32839374,0.551059738,0.43656,104086.6091,1.0141,21.1855,20.5347,19.6291,19.2108,18.8489
Sy1,55.0317767,-0.775718912,0.65175,138971.5895,0.662,20.1905,19.7151,19.692,19.4264,19.3817
Sy1,120.3928365,47.3832431,0.368239,91029.00376,0.0228,19.1941,18.8881,18.6171,18.5815,18.019
Sy1,155.0019201,62.66242219,0.13642,38130.71236,1.1893,18.835,18.056,17.419,16.971,16.742
Sy1,121.8359596,14.82453925,0.2049,55241.99452,0.105,18.3869,18.2049,18.0494,17.7519,17.8929
Sy1,129.4620965,34.94450173,0.78614,156703.5445,0.3038,20.1609,19.7741,19.7497,19.9228,19.6016
Sy1,134.0780921,33.58359471,0.40362,97922.1495,,20.2169,19.9089,19.6596,19.4883,19.1372
Sy1,140.4200326,4.212562163,0.37756,92872.90038,,19.7611,19.1341,18.764,18.6415,18.3235
Sy1,140.4734976,3.614635954,0.35008,87378.27441,,18.8138,18.635,18.4652,18.4739,18.0558
Sy1,197.0388784,18.60406227,0.18175,49603.9981,,18.417,17.855,17.183,16.711,16.448
Sy1,142.9977629,4.294349982,0.56129,125374.1719,,20.3552,19.6864,19.4283,19.0769,19.1345
Sy1,143.3524602,8.66814908,0.54828,123297.0966,,19.724,19.3289,19.3329,19.0831,18.979
Sy2,196.5928269,18.62921448,0.08305,23867.16564,,19.826,18.239,17.407,16.962,16.692
Sy1,157.1549107,63.04684314,0.08034,23120.70012,,17.181,16.725,16.344,15.851,15.779
Sy1,144.6653678,24.91904167,0.3543,88233.62497,0.105,18.5473,18.2827,18.216,18.1776,17.6891
Sy1,144.7225034,8.340208643,0.7609,153579.6516,0.5842,20.712,20.2252,20.0258,20.0132,19.5862
Sy1,145.50079,2.999542041,0.34754,86861.39847,,19.5232,19.201,18.8661,18.7401,18.2845
Sy2,199.7098332,17.12940558,0.11382,32191.70104,,18.045,16.585,15.754,15.337,15.031
Sy1,146.0431101,60.56012475,0.45665,107730.4094,,18.6633,18.4249,18.453,18.3323,18.225
Sy1,146.4188309,3.196374211,0.73997,150919.5664,0.272,19.9735,19.5376,19.4184,19.3056,19.0999
Sy1,150.2355919,1.221959984,0.51861,118439.4823,,18.7634,18.2878,18.1805,17.947,17.9263
Sy1,158.458055,63.30844979,0.15526,42969.7372,,19.088,18.872,18.523,18.112,18.059
Sy1,216.2972656,33.34062778,0.25784,67589.73792,0.6126,18.846,18.95,18.752,18.591,18.267
Sy2,119.3116772,20.43374325,0.10403,29573.10839,,19.56,17.886,17.031,16.584,16.256
Sy2,199.3662687,6.703817925,0.16717,45976.88931,,19.321,17.792,17.017,16.633,16.377
Sy1,203.4849276,31.56539496,0.51112,117186.123,0.1384,18.5041,18.1422,18.1426,18.0499,18.013
Sy1,159.250109,63.75707188,0.15004,41639.10365,0.3165,19.002,18.75,18.216,17.74,17.652
Sy1,21.88550723,19.17884419,0.01668,4958.839416,0.3535,,,,,
Sy1,28.85398023,2.47126575,0.082000062,23578.21831,,17.546,17.003,17.0066,15.935,15.914
Sy1,32.40586227,52.44435163,0.0492,14387.36221,,,,,,
Sy1,36.6071598,-28.34967835,0.06,17448.83585,0.0191,,,,,
Sy1,40.39530112,7.187181779,0.027,7985.160785,,,,,,
Sy1,79.08841081,-10.56150322,0.028930014,8547.595997,0.0107,,,,,
Sy1,120.864104,8.697860443,0.04674,13685.17342,,17.488,15.838,15.041,14.615,14.32
Sy1,211.0298845,21.55601484,0.26107,68319.0826,,16.8391,16.6794,16.4785,16.7843,16.2584
Sy1,212.0211431,12.40584602,0.41054,99237.10449,0.1508,19.3768,19.0543,19.0323,18.9333,18.5163
Sy1,190.195682,-33.56995794,0.054988041,16032.40965,0.1528,,,,,
Sy1,221.4035269,27.03487958,0.02959,8739.670257,0.1835,16.454,15.2,14.67,14.327,14.077
Sy1,227.2248095,-0.196945721,0.05427,15828.87319,0.1417,17.062,15.546,14.792,14.304,14.041
Sy1,230.4152763,3.624788935,0.126,35410.75635,0.0535,17.2802,17.1558,16.947,16.1523,16.4873
Sy1,232.4930465,-13.01105104,0.1039,29538.14874,,,,,,
Sy1,241.847343,85.0308336,0.183,49912.206,,,,,,
Sy1,260.8366494,34.29943538,0.205999,55505.98843,,15.588,15.568,15.558,15.205,15.526
Sy2,275.3619006,59.92251778,0.099,28216.84226,1.3186,,,,,
Sy1,302.1953608,-61.09993945,0.015247215,4536.15648,0.1158,,,,,
Sy1,217.5802854,11.81262958,0.4862,112935.4702,,18.3774,18.2092,18.4434,18.3261,18.2007
Sy1,346.9885997,40.27752794,0.073,21088.03111,,,,,,
Sy1,223.8823673,23.27854924,0.44518,105660.6351,0.1489,19.3189,19.0089,18.9457,18.789,18.6508
Sy1,76.69979219,-19.61412032,0.09,25771.65639,0.1499,,,,,
Sy2,99.13437898,-20.58143923,0.055198,16091.89579,,,,15.11,,
Sy1,227.5086283,44.97956939,0.3509,87544.81148,0.1841,18.6151,18.5072,18.4234,18.5377,17.9545
Sy1,228.0035198,58.9547799,0.52078,118800.5423,0.0224,19.4849,18.808,18.6102,18.357,18.2884
Sy1,338.1284514,8.207226184,0.025745558,7619,0.2336,,,,,
Sy1,232.6449535,37.33695979,0.52465,119442.1726,0.0321,19.0475,18.771,18.8741,18.6734,18.654
Sy1,234.1100698,20.1235887,0.61089,133007.8995,0.3304,19.6785,19.2735,19.1971,18.9251,19.1162
Sy2,235.8819989,38.38020098,0.57983,128279.7456,,23.0115,21.2781,20.6696,19.7971,20.3181
Sy1,241.0254833,9.805519452,0.72209,148595.709,0.1893,19.3779,19.0758,18.9229,18.9606,18.8537
Sy1,241.0513146,45.80628983,0.36345,90073.75379,,17.9479,17.8169,17.7646,17.9772,17.4419
Sy1,242.4705651,29.54224323,0.42218,101424.9205,,19.9356,19.4333,19.1378,18.8619,18.4777
Sy1,253.5799536,36.15074019,0.45887,108127.7856,0.0338,18.8537,18.6432,18.6419,18.5177,18.3656
Sy1,255.0096203,31.17193498,0.4466,105918.3974,0.1835,19.3677,19.0186,19.0208,18.8856,18.8032
Sy1,159.19073,64.21860973,0.21766,58286.87454,0.0938,19.111,18.651,17.949,17.514,17.302
Sy1,309.478878,-0.472672689,0.6334,136328.5426,,20.8325,20.4216,20.2317,19.8811,19.6867
Sy1,310.2224244,0.678358967,0.50224,115685.7518,1.1603,20.1124,19.8225,19.7565,19.5303,19.4584
Sy1,310.9168092,0.481509516,0.31655,80429.76092,0.2015,19.0959,18.9686,18.8517,18.9619,18.2195
Sy1,315.3124786,-0.530750251,0.51975,118629.2787,,20.9463,20.6764,20.5354,20.2933,20.4694
Sy1,9.186346657,16.14185997,0.46528,109269.3403,0.1895,20.3796,20.0287,19.9033,19.4431,19.1486
Sy1,9.186886265,16.12453414,0.51332,117555.4147,0.1814,19.9571,19.5893,19.37,19.1265,19.0515
Sy2,189.102342,62.18659,0.7481,151960.4666,,,,23.2441,22.533,21.3535
Sy2,189.149299,62.118735,0.952,175146.5071,,,,23.4087,,21.5964
Sy2,189.3164,62.203744,1.0213,181895.1428,,,,23.8317,22.688,21.9617
Sy2,189.350892,62.23338,0.4741,110826.0439,,,,24.7602,,23.8715
Sy1,315.1970833,-6.920833333,0.34,85317.95664,,,,,,
Sy1,201.1428733,18.48149795,0.10922,30964.78252,,18.566,17.981,17.502,17.139,17.038
Sy1,216.4300539,34.83135977,0.17856,48815.48269,0.0416,19.898,19.427,18.858,18.443,18.219
Sy2,216.2749301,35.15761685,0.1921,52142.91062,0.9491,,,,,18.19
Sy1,165.8916806,62.06919968,0.47029,110155.5775,0.7422,20.468,20.158,20.194,19.937,19.647
Sy1,323.7920833,-6.436666667,0.24,63512.14747,,,,,,
Sy1,31.21833333,-9.538888889,0.29,74731.49332,,,,,,
Sy1,354.9591667,-0.199166667,0.26,68077.77412,,,,,,
Sy1,200.2539351,19.33664283,0.18175,49603.9981,0.1415,19.13,18.547,17.691,17.207,16.979
Sy1,34.63666667,-0.689444444,0.25,65808.10054,,,,,,
Sy1,2.541583426,-4.710534837,0.029366983,8674.780672,,,,,,
Sy1,9.238243283,-10.13630327,0.1878,51091.69666,0.2468,17.9496,17.8288,17.4968,17.063,16.9446
Sy2,218.1913052,35.19840942,0.1929,52337.9223,4.1324,,,,,
Sy2,4.933242868,-14.12190246,0.043027314,12622,,,,,,
Sy1,188.7151336,16.94232779,0.11749,33166.16457,0.7741,19.596,18.059,17.195,16.772,16.485
Sy1,165.2643862,63.53978839,0.1291,36223.21809,,18.888,18.242,17.673,17.263,17.158
Sy1,166.13203,63.75675075,0.21911,58630.09135,0.2787,19.193,18.713,18.164,17.879,17.755
Sy2,218.7502127,36.0208688,0.0794,22861.27303,,19.039,17.551,16.83,16.427,16.155
Sy1,162.5526411,62.88428769,0.20068,54225.22983,0.3415,20.42,19.155,18.061,17.454,17.345
Sy2,217.4879117,35.51514917,0.2634,68843.51855,,,,,,
Sy1,192.0109145,18.26453825,0.15655,43297.38226,0.449,19.23,19.026,18.596,18.21,18.227
Sy1,190.6072497,18.21981384,0.16756,46074.685,1.1147,19.887,19.286,18.389,17.843,17.715
Sy1,190.9478811,18.81572884,0.22231,59385.52843,0.3044,18.312,18.256,18.001,17.586,17.637
Sy2,179.2065416,67.84918703,0.117,33036.28488,,,,,,
Sy2,251.1269627,24.27340208,0.03515,10352.61519,,17.816,15.948,15.083,14.662,14.355
Sy1,174.746739,67.43804041,0.31295,79667.40596,,19.182,19.022,18.738,18.654,18.213
Sy1,9.295850886,0.357730012,0.23515,62389.07703,0.3092,19.3539,19.0845,18.6468,18.286,18.0604
Sy1,9.300031106,-9.935266596,0.40732,98626.5658,0.8819,20.4319,20.0719,19.7172,19.2474,18.9624
Sy2,175.3225513,20.83145145,0.02394,7091.146414,,17.108,15.798,15.294,15.043,14.823
Sy1,197.0582119,16.24875042,0.26604,69436.02615,0.2256,19.213,19.106,18.975,18.978,18.709
Sy1,200.8501645,20.0700355,0.28554,73756.88655,,19.925,19.652,18.985,18.632,18.237
Sy1,210.6800199,35.18319209,0.2134,57275.2384,0.3512,19.797,19.332,18.574,18.116,18.041
Sy2,163.0526594,65.93570416,0.116,32771.00846,0.6546,19.125,17.872,17.208,16.791,16.617
Sy1,18.742188,-0.741496,0.183096667,49936.02287,,20.399,19.377,18.733,18.325,18.173
Sy1,163.8812577,65.47851512,0.097,27675.51739,,,,,,
Sy1,164.4248736,65.59441775,0.01146,3415.936735,0.8363,16.997,16.108,15.897,15.874,15.74
Sy1,19.607077,-0.705382,0.0482,14102.13706,,18.276,17.22,16.743,16.469,16.291
Sy1,167.1648292,66.77733842,0.22,58840.4744,1.0278,19.529,19.143,18.415,17.942,17.678
Sy1,213.2587404,35.58026835,0.10889,30876.52802,,18.432,17.981,17.474,16.99,16.824
Sy1,198.8280574,20.1211622,0.08488,24370.01336,,19.945,18.484,17.712,17.217,16.921
Sy1,165.1918068,66.78938915,0.192,52118.52175,0.3526,19.335,18.466,17.65,17.2,16.929
Sy2,179.9632522,66.70868438,0.115,32505.44221,3.51,19.522,18.255,17.555,17.19,16.938
Sy2,115.671689,38.167188,0.20613,55537.43433,,20.422,18.289,17.18,16.623,16.293
Sy1,169.2919489,65.36867508,0.147,40860.6107,0.0083,,,,,
Sy1,9.440932593,22.17330612,0.733,150019.3799,,19.8529,19.4878,19.3434,19.2403,19.0467
Sy1,172.5129884,65.94145189,0.13261,37139.79701,,18.286,17.82,17.445,17.054,16.987
Sy2,185.8188897,4.836146232,0.01784,5300.598095,,17.723,16.901,17.095,17.346,17.281
Sy1,193.9125427,17.47143877,0.11346,32095.90298,2.1117,19.52,18.279,17.435,16.918,16.6
Sy1,194.0437538,18.08204088,0.17227,47252.38778,,19.278,18.656,17.862,17.402,17.133
Sy1,193.2486875,18.20866615,0.30221,77373.9402,0.2356,18.539,18.447,18.24,18.157,17.782
Sy1,9.473886209,-9.558842466,0.39928,97091.96641,0.1876,19.0854,18.877,18.9356,18.9288,18.5354
Sy1,193.9110404,18.53990128,0.6138,133442.1194,0.0621,18.957,18.657,18.593,18.435,18.466
Sy1,26.263433,-0.815243,0.19823047,53632.80494,,20.241,18.976,18.181,17.722,17.459
Sy1,194.4429051,19.01243124,0.1789,48899.65992,0.3804,19.925,19.45,19.047,18.647,18.646
Sy1,9.497970065,15.92864452,0.53134,120544.4692,0.0205,20.1375,19.8448,19.7313,19.4444,19.4213
Sy1,176.1150007,67.36756461,0.11666,32946.12341,0.064,18.747,17.625,16.769,16.282,15.965
Sy1,194.104587,15.35254424,0.19612,53121.06187,1.0735,19.77,19.257,18.51,18.063,17.9
Sy2,160.5103789,65.86585745,0.123,34621.86579,,19.285,17.796,16.969,16.555,16.267
Sy1,8.793779361,-2.501330092,0.6842,143509.3135,,20.1182,19.7773,19.7577,19.7141,19.6485
Sy1,8.797876808,-0.821661633,0.18634,50733.61047,,19.8336,19.3059,18.4619,17.9678,17.6491
Sy2,161.6166034,66.27237647,0.097,27675.51739,,,,,,
Sy1,24.2727919,-10.58446371,0.09,25771.65639,0.5113,18.928,17.987,17.361,17.037,16.859
Sy1,32.9358328,-9.503319887,0.40237,97683.47639,,20.3525,19.9596,19.7463,19.3268,18.8377
Sy1,319.1047885,-6.579118378,0.72832,149410.8733,0.0834,20.742,20.017,19.721,19.204,19.053
Sy1,153.1763499,26.19180453,0.64702,138295.711,,21.6529,20.9379,20.8183,20.4998,20.1689
Sy1,320.8725634,-8.215288748,0.11671,32959.38455,0.2375,19.912,19.219,18.613,18.225,18.128
Sy1,27.818856,-0.720738,0.08996,25760.7359,,18.665,17.591,17.041,16.711,16.476
Sy1,163.4881529,33.40433783,0.69,144302.4769,,20.6613,20.3376,20.2432,20.1,19.845
Sy2,175.4817179,1.08799237,0.13641,38128.11698,,19.86,18.262,17.341,16.868,16.599
Sy2,193.9493713,-3.652656458,0.16861,46337.76889,,18.381,17.269,16.577,16.171,15.988
Sy1,4.988846006,-9.57881967,0.02,5935.902423,0.5919,18.379,17.568,17.174,16.986,16.798
Sy1,216.2635354,40.71063797,0.19084,51835.40932,0.4603,19.896,18.705,17.763,17.248,16.972
Sy1,10.06465636,5.115178463,0.679,142793.6418,,20.9041,20.2585,20.196,20.0147,20.036
Sy1,10.06506178,-4.379425117,0.722,148583.8898,0.1058,19.7223,19.2175,18.9819,18.98,18.8897
Sy1,217.6701292,41.15515437,0.3744,92250.04545,0.3304,19.64,19.378,19.293,19.319,18.85
Sy2,155.2406578,-4.950426148,0.040309102,11841,,,,,,
Sy2,162.7571984,8.473491415,0.02174,6446.659324,,16.902,14.924,14.101,13.686,13.401
Sy2,235.4798093,16.84297347,0.04989,14583.99393,,16.822,15.023,14.219,13.782,13.428
Sy1,218.6803746,42.0884665,0.19246,52230.68771,0.136,18.787,18.654,18.306,17.928,17.871
Sy1,132.3221888,53.29881542,0.11132,31525.66012,0.142,18.175,17.358,16.865,16.396,16.29
Sy1,129.766672,46.520464,0.735,150278.4242,,21.6019,21.1466,20.8215,20.4385,20.3512
Sy2,355.9981602,5.639897136,0.056,16319.00003,,,,,,
Sy1,194.1142498,21.5214644,0.07574,21848.68056,,18.918,16.943,16.051,15.533,15.233
Sy1,197.7914557,20.6587796,0.23339,61979.9825,1.6777,19.678,19.168,18.342,17.892,17.556
Sy2,197.8108731,20.81499505,0.13855,38682.87577,,19.688,18.045,17.027,16.52,16.18
Sy2,197.7335889,20.94413259,0.13211,37009.44645,,19.745,18.201,17.292,16.88,16.58
Sy2,189.1604583,62.22752778,1.0182,181604.1266,,,,24.2204,22.936,22.084
Sy1,196.3204917,21.40235991,0.06538,18960.97564,,18.98,17.704,16.996,16.596,16.34
Sy1,198.9183887,21.69227215,0.24323,64256.6279,0.2161,19.624,19.219,18.544,18.237,18.065
Sy2,0.825888,0.812291,0.13904,38809.71556,,20.062,18.388,17.613,17.15,16.806
Sy1,131.421053,45.687914,0.528,119995.231,,21.9641,22.3275,21.7457,21.6722,22.827
Sy1,213.3095326,38.85170633,0.29603,76041.17539,,19.636,19.437,19.234,19.268,18.915
Sy1,197.4324178,22.37657347,0.24021,63560.63421,0.2647,20.045,19.549,18.833,18.484,18.217
Sy1,201.1176599,4.774880519,0.02133,6326.390193,,17.612,16.087,15.333,14.94,14.633
Sy2,210.1690424,-1.921720189,0.02505,7415.769596,0.0039,16.948,15.9,15.389,15.205,14.919
Sy1,147.7015846,39.44735203,0.20553,55393.36892,0.0044,16.3213,16.4298,16.3961,16.007,16.2157
Sy1,213.158979,39.31023653,0.02583,7643.662602,1.1407,15.681,13.91,13.117,12.662,12.319
Sy2,189.027606,62.164316,0.638,136996.4349,,,,22.563,,20.9543
Sy2,189.033871,62.176731,0.679,142793.6418,,,,22.2409,21.598,20.5933
Sy1,189.193048,62.234724,0.961,176052.4276,,25.34,22.844,22.6573,22.286,20.8651
Sy2,212.2834805,38.67257104,0.06252,18158.19325,,18.081,16.348,15.611,15.269,15.002
Sy1,149.1708991,69.86715904,0.626,135246.5415,0.4058,21.894,20.169,19.123,18.449,18.214
Sy1,212.440185,39.06168922,0.20637,55595.033,0.6678,19.541,19.396,19.098,18.74,18.698
Sy1,213.611376,39.19345465,0.13121,36774.63448,0.3286,17.69,17.404,16.348,16.013,15.83
Sy1,239.286769,27.588541,0.12396,34874.59327,,18.42,17.087,16.267,15.857,15.486
Sy2,214.0211459,40.50308892,0.08166,23484.56241,0.4622,19.764,18.238,17.478,17.133,16.863
Sy1,194.4604102,21.99281129,0.61486,133599.9215,0.4591,20.115,19.733,19.775,19.599,19.552
Sy1,27.85822905,13.41973611,0.24259,64109.33411,0.5362,19.67,19.235,18.878,18.59,18.48
Sy1,5.090051626,0.50598244,0.1,28487.06614,,20.26,19.407,18.999,18.433,18.55
Sy1,177.8209183,3.448809701,0.04,11752.0487,,19.22,18.327,18.365,18.09,18.04
Sy1,218.0986397,40.09271436,0.14089,39287.98158,0.1929,18.525,17.771,17.014,16.572,16.316
Sy1,197.1982231,23.68166988,0.121,34094.49541,0.0731,,,,,
Sy1,222.0917233,38.89714246,0.1445,40218.43203,0.005,18.278,17.946,17.623,17.287,17.27
Sy1,190.5273543,24.87306319,0.21843,58469.2052,0.3493,19.43,19.212,18.871,18.697,18.651
Sy1,144.6933493,20.41885159,0.20445,55133.80361,,18.773,18.362,17.991,17.711,17.599
Sy1,201.9756361,47.55531212,0.34607,86561.55782,0.5115,20.371,19.771,19.158,18.906,18.605
Sy1,293.8331463,62.87552314,0.24914,65611.68475,0.168,20.259,19.505,18.82,18.613,18.371
Sy1,202.4865544,41.1771085,0.24583,64853.89598,,20.006,19.703,19.224,18.914,18.737
Sy1,186.8925862,22.24206496,0.33918,85149.27889,1.5921,20.39,20.11,19.761,19.594,19.181
Sy1,203.0506482,32.53570777,0.14197,39566.73343,0.1234,19.626,19.081,18.517,18.155,17.958
Sy1,249.4906374,12.11253081,0.19535,52934.04892,,19.586,19.168,18.58,18.253,18.105
Sy1,180.9063767,45.49654295,0.50187,115622.8947,,22.626,21.222,20.069,19.266,18.84
Sy1,138.8846168,47.32882722,0.18479,50352.80443,,20.427,19.875,19.074,18.665,18.481
Sy1,176.8726765,28.93999731,0.21001,56466.68896,0.2186,20.344,19.714,19.129,18.805,18.773
Sy1,134.1378663,49.18751566,0.07114,20570.4136,0.7442,18.541,17.04,16.319,15.795,15.536
Sy1,85.82422898,-0.366680369,0.37855,93067.55978,0.6529,21.325,20.221,19.282,18.961,18.148
Sy1,5.84634002,-0.310293911,0.34161,85648.67015,,20.76,20.172,19.446,19.127,18.589
Sy1,133.0170911,46.29766529,0.35966,89313.95499,0.6507,21.368,20.472,19.525,19.064,18.656
Sy1,191.1846678,11.18652869,0.68956,144242.4931,0.2182,20.76,20.426,20.333,20.395,20.257
Sy1,156.4951854,28.57328047,0.25858,67757.07249,0.498,18.98,18.508,17.895,17.587,17.297
Sy1,354.8019959,-0.336179084,0.16663,45841.40938,0.0273,20.919,20.436,19.905,19.535,19.404
Sy1,116.1686152,45.79594213,0.28042,72631.81791,0.5912,20.646,20.364,19.811,19.579,19.001
Sy1,253.1418288,27.93548535,0.30224,77380.38658,0.1082,20.138,19.769,19.223,19.05,18.626
Sy1,80.6891853,2.702098513,0.47939,111751.9703,0.6441,19.533,19.229,19.039,18.868,18.767
Sy1,213.3304919,23.14928413,0.44071,104846.4038,0.1297,20.039,19.63,19.368,19.059,18.931
Sy1,134.5013653,44.18348358,0.50147,115554.9102,,21.323,20.382,19.698,19.234,18.903
Sy1,126.4903556,46.55116331,0.31255,79582.50205,1.8232,22.296,21.147,19.869,19.548,19.095
Sy1,128.7085707,45.28919198,0.2726,70900.51178,2.1857,20.774,20.355,19.722,19.422,19.067
Sy1,333.4052302,24.67600851,0.50891,116814.1871,,21.327,20.504,20.224,19.55,19.34
Sy1,343.2386236,28.45124933,0.25174,66204.90563,1.0073,22.111,20.825,19.926,19.613,19.235
Sy1,32.72137259,21.80928482,0.24339,64293.43442,0.1157,19.297,18.481,17.754,17.276,17.145
Sy1,169.4791374,38.37190957,0.32728,82683.08624,1.6836,21.42,21.034,20.695,20.772,20.261
Sy1,138.3046488,5.185254901,0.75726,153121.62,0.2624,21.298,20.647,20.443,20.281,19.996
Sy1,137.9189486,35.27665002,0.61035,132927.1596,1.7221,21.809,20.948,20.65,19.866,19.573
Sy1,222.8049836,39.65392201,0.30289,77520.00286,0.6483,19.359,19.194,18.787,18.777,18.123
Sy1,40.37413088,0.987199858,0.43471,103746.7051,,20.775,20.503,19.824,19.435,19.137
Sy1,135.6676215,62.65116288,0.2798,72495.12509,0.1297,19.986,19.592,19.143,18.996,18.597
Sy1,121.636881,20.35003641,0.46709,109590.1225,0.2744,21.874,20.324,19.442,19.05,18.873
Sy1,187.3616797,20.03470153,0.53629,121354.4953,,20.666,20.385,20.262,20.04,19.881
Sy1,312.3568033,1.206976077,0.35945,89271.7564,,20.373,19.909,19.257,18.968,18.575
Sy1,352.1205004,-0.091067575,0.37237,91848.69812,0.2588,20.299,19.998,19.475,19.301,19.022
Sy1,103.3281467,82.92033381,0.25242,66359.76293,0.0597,21.056,19.989,19.439,19.203,19.077
Sy1,31.15408266,-5.377099499,0.59574,130723.1883,1.0352,21.392,20.608,20.338,19.8995,19.802
Sy1,115.519511,45.71459139,0.5267,119780.8705,0.2766,20.626,20.135,19.842,19.465,19.274
Sy1,192.1842454,10.85144389,0.62372,134911.2765,2.9281,21.622,20.848,20.358,19.552,19.514
Sy1,241.5412566,29.07145838,0.25617,67211.57923,,19.74,19.465,19.112,18.99,18.77
Sy1,155.7247668,8.021773892,0.49736,114854.5086,0.5344,21.015,19.883,19.357,18.884,18.749
Sy1,171.2356379,66.34308403,0.35869,89118.95073,0.2753,20.546,20.237,20.088,20.079,19.446
Sy1,199.6859567,39.08396627,0.54811,123269.7447,,21.623,20.268,19.728,19.331,19.209
Sy1,335.3427239,19.62047645,0.78168,156158.099,,21.62,20.921,20.659,20.757,20.311
Sy1,154.1661539,19.68010668,0.10499,29831.11938,0.5777,20.294,19.654,19.07,18.64,18.508
Sy1,242.330917,4.173297198,0.58226,128655.9024,,21.595,20.474,20.265,19.94,20.105
Sy1,151.7200053,20.57725019,0.26173,68467.77853,,20.121,19.66,19.109,18.918,18.723
Sy1,200.2323111,37.79620281,0.42956,102796.5706,0.1058,19.183,18.911,18.672,18.514,18.309
Sy1,318.6552469,11.21136141,0.08424,24194.2661,0.6322,19.394,17.55,16.788,16.499,16.28
Sy1,116.2036175,43.56762525,0.49689,114774.1974,,21.027,20.546,20.229,19.987,19.722
Sy1,81.24527417,1.081013681,0.58889,129676.7638,,20.854,20.358,20.269,19.893,19.984
Sy1,7.813410845,0.039949461,0.46955,110025.0057,1.687,22.424,21.424,20.437,19.717,19.361
Sy1,231.4196701,5.634142287,0.23174,61595.70626,0.1607,19.439,19.223,18.789,18.41,18.414
Sy1,239.0272405,25.14135146,0.42669,102264.5689,0.3956,19.998,19.745,19.422,19.24,19.029
Sy1,33.03880642,-0.450179441,0.39375,96027.98682,0.3648,21.29,20.251,19.356,18.987,18.587
Sy1,144.7237385,33.71617996,0.65554,139510.4644,1.06,21.084,20.681,20.526,20.189,20.287
Sy1,154.3541335,18.29285286,0.26724,69704.7508,1.0395,20.09,19.633,19.016,18.789,18.416
Sy1,124.4650022,44.56782401,0.27936,72398.05766,7.00E-04,21.28,20.577,19.822,19.538,19.197
Sy1,189.9865772,9.901836009,0.22762,60633.00395,0.8208,19.575,19.116,18.381,17.954,17.655
Sy1,208.2297853,18.6925794,0.49226,113980.6628,0.1716,20.977,20.261,19.859,19.567,19.339
Sy1,230.4892676,7.958427962,0.26139,68391.19175,0.8069,19.535,19.173,18.522,18.214,17.812
Sy1,117.0714439,31.21634482,0.24521,64711.63257,0.0139,21.206,20.94,20.434,20.137,19.926
Sy1,124.8610193,20.88940604,0.78441,156492.3011,,20.68,20.276,20.126,20.002,19.864
Sy1,139.8207926,34.07342537,0.40409,98011.79972,0.4047,21.695,21.019,20.543,20.342,20.113
Sy1,124.8909437,20.47980298,0.26356,68879.47957,0.1907,21.273,20.993,20.331,20.045,19.543
Sy1,172.1778063,6.450210654,0.30726,78455.91477,0.4681,20.112,19.574,19.15,18.985,18.586
Sy1,163.4468177,44.80869335,0.64184,137551.2371,,21.894,20.972,20.384,19.653,19.849
Sy1,357.9705768,14.77911765,0.18153,49549.70859,1.7877,15.975,13.402,12.598,12.356,13.805
Sy1,209.1612147,53.79854595,0.52838,120057.8282,,21.024,20.744,20.592,20.229,20.073
Sy1,133.8937817,45.22516707,0.45852,108065.2053,0.2337,20.105,19.818,19.464,19.168,19.029
Sy1,170.072798,41.9672121,0.28591,73837.93168,,19.963,19.468,18.726,18.39,17.94
Sy1,208.0923108,21.80895689,0.1481,41142.60563,0.0148,18.795,18.06,17.488,17.099,16.914
Sy1,55.94139368,0.601385783,0.36792,90965.54052,,20.949,20.425,19.961,19.703,19.255
Sy1,125.6343254,46.48980648,0.49062,113698.5425,,20.619,20.206,20.027,19.607,19.417
Sy1,233.9164977,14.3265275,0.36319,90021.73833,,19.81,19.56,19.22,19.146,18.615
Sy1,38.82000797,-0.752566946,0.60419,132002.5022,1.1663,21.436,20.749,20.393,19.886,19.632
Sy1,116.8975318,43.71229824,0.63296,136264.4688,0.8877,22.467,21.057,20.325,19.698,19.48
Sy1,206.6609784,48.40727584,0.52164,118943.3798,,21.906,21.088,20.01,19.311,18.943
Sy1,174.0431344,20.88970189,0.66918,141430.26,,21.754,20.976,20.132,19.441,19.027
Sy1,184.6599628,41.74238937,0.3572,88818.9754,0.359,19.638,19.464,18.959,18.713,18.191
Sy1,57.65602127,-6.808036109,0.38655,94632.27746,,20.757,19.97,19.111,18.775,18.468
Sy1,226.2600398,13.0337742,0.20437,55114.56388,,19.387,19.301,19.099,18.924,18.941
Sy1,150.6215002,33.43895721,0.69239,144627.7636,,20.779,20.545,20.317,20.296,20.321
Sy1,20.79331603,-6.553608517,0.58998,129843.8384,0.083,22.224,21.039,20.434,19.741,19.582
Sy1,84.33671041,-2.141682016,0.11939,33669.12234,0.0726,19.652,18.706,17.988,17.386,17.143
Sy1,181.3695384,15.50291121,0.3524,87849.03839,1.2275,20.137,19.882,19.409,19.267,18.79
Sy1,139.4919936,46.7480177,0.36106,89595.01325,0.1642,21.264,20.505,19.689,19.428,19.214
Sy1,202.0222892,8.290746053,0.3053,78036.73568,0.7011,20.088,19.686,19.184,19.006,18.648
Sy1,168.4789531,27.98596555,0.59355,130389.5523,0.3899,19.5485,19.1818,19.0797,18.8292,18.9022
Sy1,185.6280067,15.92996671,0.36599,90581.07037,0.0409,19.638,19.529,19.568,19.547,19.034
Sy1,203.9840869,7.996297792,0.56382,125774.4128,,19.802,19.1149,18.8549,18.5831,18.6651
Sy1,186.2068408,7.847223188,0.24006,63526.00202,0.4661,19.171,18.729,18.188,17.908,17.732
Sy1,154.040208,1.671793226,0.42685,102294.275,,19.6866,19.3977,19.6181,19.0839,18.5678
Sy1,155.066876,1.708833876,0.44764,106106.9073,,19.8468,19.5402,19.6352,19.4889,19.0088
Sy1,166.7656545,0.700652457,0.58024,128343.2877,0.1342,18.6832,18.3701,18.4255,18.2293,18.2999
Sy1,192.9854622,0.495959664,0.415,100078.9402,0.1628,20.075,19.657,19.579,19.306,19.139
Sy1,37.73914257,-1.009363782,0.649,138579.0909,0.1421,18.6535,18.4672,18.5593,18.549,18.6391
Sy1,139.2581416,56.78354932,0.09,25771.65639,,19.08,18.523,18.53,17.975,18.25
Sy1,204.3663731,1.920023487,0.54426,122648.8362,0.0398,19.0818,18.7309,18.7201,18.5507,18.5368
Sy1,208.5302642,1.806257643,0.65,138721.9634,0.1121,19.564,19.192,19.253,19.286,19.204
Sy2,214.1027836,4.633858698,0.05484,15990.45836,,17.59,15.946,15.18,14.732,14.395
Sy1,215.7206418,4.427302318,0.68472,143580.6431,0.1104,18.325,18.0015,18.0444,18.0155,17.9647
Sy1,244.3707814,50.18164937,0.76705,154349.1822,0.2268,20.6265,20.2125,20.0389,20.0053,19.9574
Sy1,191.4466877,2.15804977,0.56,125169.6376,,20.804,20.401,20.393,20.055,19.898
Sy1,189.9134325,8.135325054,0.41219,99549.06171,0.3067,18.576,18.413,18.4368,18.389,18.1508
Sy1,149.5828083,2.484320866,0.3448,86302.09559,,19.3061,19.3765,19.1339,19.085,18.5737
Sy1,340.4536665,18.40150119,0.4134,99777.44515,0.0224,19.7332,19.2614,19.0312,18.8855,18.7211
Sy2,13.37461195,-8.767753289,0.01898,5636.071719,,16.076,14.452,13.707,13.295,12.898
Sy1,327.8885855,6.850199873,0.6163,133813.9805,0.0839,20.0131,19.5733,19.5319,19.3328,19.4459
Sy1,18.40310567,-10.57938134,0.0522,15241.25125,,16.804,15.014,14.158,13.694,13.34
Sy1,20.30306541,-10.15850317,0.1,28487.06614,,19.737,18.7,18.279,17.89,17.882
Sy1,21.4287996,-9.286388106,0.03,8858.926048,,18.78,18.089,17.917,17.765,17.58
Sy1,24.5563131,-9.211511616,0.20506,55280.44908,,20.073,18.954,18.085,17.579,17.3
Sy1,23.55775489,-9.053350957,0.17512,47961.99491,,19.489,18.273,17.291,16.834,16.55
Sy1,26.26838887,-9.024314312,0.12,33830.37674,,20.438,19.434,18.922,18.525,18.327
Sy1,27.06657876,-10.00185828,0.21,56464.29924,,19.761,19.273,18.693,18.363,18.08
Sy1,18.56359121,4.234638445,0.755,152836.2712,0.7114,20.4055,19.8724,19.9315,19.8987,19.6174
Sy1,8.759949785,-10.85646123,0.73662,150487.8122,,19.1971,18.9354,18.7822,18.7415,18.675
Sy1,9.142036825,4.854861428,0.6323,136168.2964,0.4243,19.5602,19.1587,19.0819,18.9121,18.943
Sy1,189.3789115,19.44838645,0.21373,57353.78018,,19.372,19.079,18.406,17.955,17.712
Sy1,6.132100484,34.27508828,0.602,131672.1564,0.1558,19.9352,19.3537,19.3576,19.1452,19.0428
Sy1,254.4054569,60.82758871,0.31327,79735.30058,0.1977,18.6358,18.6618,18.6201,18.6893,18.1914
Sy1,9.695447805,15.11894473,0.43865,104469.7176,1.4502,20.5654,20.0416,19.5799,19.3431,18.996
Sy1,258.111649,31.31926773,0.51395,117660.9901,0.0468,19.7769,19.3676,19.3528,19.143,19.0163
Sy1,260.844473,32.17889332,0.65496,139428.1523,0.1247,21.1243,20.5878,20.4915,20.2806,20.2368
Sy2,127.107814,25.0146381,0.02874,8492.272502,,16.822,15.008,14.174,13.726,13.373
Sy1,189.5965821,19.77155016,0.21459,57558.32615,,20.019,18.769,17.732,17.253,16.969
Sy1,235.8572702,57.49355239,0.71642,147848.6963,,18.7401,18.4479,18.4091,18.2312,18.1793
Sy2,130.0945995,23.53964505,0.01206,3593.697163,,15.545,13.928,13.145,12.751,12.272
Sy1,150.5580713,42.3839648,0.62711,135409.4393,,20.3242,19.8816,19.8165,19.5753,19.441
Sy1,160.8423357,54.98212694,0.437,104167.3421,,20.149,19.6898,19.5734,19.3919,19.2075
Sy1,223.2060858,42.88782814,0.17056,46825.53292,1.4428,19.117,18.081,17.237,16.742,16.469
Sy1,217.8809455,50.35067216,0.626489,135318.3306,,19.3922,19.0726,19.0827,18.8797,19.0332
Sy1,195.2757559,46.40054409,0.45957,108252.8688,0.027,19.4794,18.9567,19.1661,18.9422,18.7194
Sy1,223.1842967,50.16856125,0.52322,119205.4252,0.1982,19.4908,19.2749,19.3373,19.2612,19.1854
Sy2,186.1131707,19.06987024,0.15093,41866.52072,2.1237,18.843,17.897,17.417,17.072,16.969
Sy1,220.1184545,37.36665073,0.33551,84392.35569,,20.236,20.082,19.652,19.617,18.68
Sy1,218.9588139,36.96576571,0.54394,122597.1014,0.8159,20.774,20.454,20.513,20.445,20.431
Sy1,36.88416116,1.036363869,0.67922,142824.008,0.8122,20.2492,19.8176,19.8055,19.7867,19.5918
Sy1,206.1879247,7.958301523,0.70306,146069.0292,,18.2627,17.9621,17.9562,17.928,17.9298
Sy1,218.3958477,37.59942634,0.44475,105582.4951,0.2546,19.2732,19.0115,19.0215,18.8694,18.6163
Sy1,187.9839259,19.89114534,0.14113,39349.95523,0.3704,18.574,18.015,17.415,16.993,16.742
Sy1,188.4966194,20.24645501,0.08813,25260.62103,0.1775,18.041,17.246,16.692,16.201,15.962
Sy1,189.6111394,20.81187369,0.10753,30512.47816,0.4061,19.701,18.165,17.371,16.952,16.648
Sy1,203.0636744,5.39259429,0.63459,136501.6679,0.0772,19.3354,19.0555,19.1505,18.9911,19.0363
Sy1,205.7965779,1.656139144,0.48184,112178.8478,,19.5372,19.1389,19.1463,18.8598,18.6864
Sy1,206.9503968,1.247099278,0.69895,145515.9765,,19.6831,19.1195,19.1833,19.2806,18.8899
Sy2,145.8455117,22.82037992,0.06893,19954.0648,,17.038,15.093,14.194,13.753,13.458
Sy1,203.0692228,2.109562661,0.5292,120192.8109,0.4816,19.4257,19.0616,18.9883,18.8441,18.9007
Sy1,192.302946,5.503844399,0.67856,142732.8862,0.002,19.2834,18.9627,18.9248,18.7656,18.7709
Sy1,198.002075,3.292123172,0.39272,95829.04704,0.0076,18.9543,18.5805,18.4851,18.3564,18.3478
Sy1,193.5138173,3.23037772,0.60599,132273.385,0.0905,19.7416,19.4088,19.4101,19.1945,19.2753
Sy1,201.2760954,-3.37402179,0.44597,105804.0914,,18.6774,18.4744,18.6025,18.4914,18.3679
Sy1,203.0975972,-2.106842408,0.3687,91120.6751,0.049,18.6195,18.309,18.124,18.1326,17.6222
Sy1,209.1958104,-2.649368427,0.685,143619.0334,,20.228,19.668,19.505,19.558,19.271
Sy1,207.5536944,-0.729861674,0.756,152962.6233,0.3672,20.49,20.22,20.113,20.012,19.918
Sy1,182.3092498,7.483767248,0.51754,118261.1079,0.2437,19.577,19.2568,19.2301,18.9814,18.8721
Sy1,189.3815622,-0.570111314,0.224,59783.38098,1.0105,,,,,
Sy1,188.6967051,1.396022248,0.58,128306.096,1.577,20.928,20.385,20.298,19.909,19.814
Sy1,188.932424,0.2885761,0.59,129846.902,0.3871,19.839,19.509,19.589,19.385,19.48
Sy1,190.9468694,-0.351570248,0.67,141544.7038,0.5862,20.685,20.212,20.214,20.134,20.184
Sy1,183.4693644,18.21994659,0.40793,98742.40475,0.2499,18.801,18.632,18.554,18.475,18.248
Sy1,186.1336248,-1.37163989,0.6244,135011.3614,,19.6665,19.2148,19.1653,18.8878,18.8555
Sy1,163.4364717,18.39856175,0.61695,133910.4862,0.1283,19.0785,18.8513,18.9342,18.8192,18.9429
Sy1,162.763418,18.9642867,0.562,125486.6127,0.3381,19.3514,19.064,19.0414,18.8481,18.9168
Sy1,164.3066205,13.64096583,0.654,139291.7893,0.8011,20.384,19.954,19.9566,19.7624,19.7389
Sy1,9.756206138,21.07082655,0.76996,154711.411,0.1214,20.3909,19.7728,19.6223,19.5412,19.5089
Sy1,9.759725656,-0.604497514,0.62175,134620.8745,,21.4142,20.7859,20.6737,20.3734,20.4608
Sy1,183.7165586,19.01164828,0.06369,18486.89736,0.0313,18.14,17.183,16.612,16.229,15.982
Sy2,183.9092465,19.50012338,0.06504,18865.66697,,18.142,16.766,16.114,15.692,15.453
Sy1,183.6534947,19.78526307,0.23122,61474.45041,0.0326,19.458,19.349,18.819,18.418,18.222
Sy1,140.4966373,23.40723166,0.7125,147329.37,0.7619,18.9288,18.6113,18.6045,18.5928,18.5344
Sy1,148.5328141,-0.538848251,0.567,126275.7962,1.4137,19.971,19.515,19.746,19.514,19.452
Sy1,148.4235047,-0.139565898,0.284,73419.18944,0.3144,19.821,19.555,19.276,19.163,18.813
Sy2,172.3447589,27.73576379,0.0584,16997.47183,,17.586,16.286,15.674,15.314,15.067
Sy2,218.6591973,38.87719173,0.08464,24304.12226,,18.101,16.335,15.509,15.125,14.801
Sy2,221.5624113,16.09588519,0.05415,15794.84295,,16.707,15.41,14.825,14.445,14.195
Sy2,205.5718242,4.619798487,0.0227,6728.068223,,17.218,15.64,14.962,14.624,14.348
Sy2,154.3137723,2.118635516,0.10409,29589.24195,,20.226,18.571,17.74,17.381,16.998
Sy2,183.2412742,14.47406079,0.05072,14820.33414,,17.681,15.922,15.118,14.717,14.407
Sy2,216.9580205,38.47019382,0.16756,46074.685,0.813,18.853,17.499,16.641,16.208,15.927
Sy2,181.2311225,19.8814002,0.11978,33772.23182,0.4628,19.34,18.341,17.687,17.294,17.098
Sy1,346.7656765,1.219781138,0.12584,35368.74772,,18.626,18.292,18.113,17.73,18.053
Sy1,220.2659492,41.28918958,0.18771,51069.63991,0.0488,18.559,18.12,17.439,16.956,16.899
Sy1,196.2373429,39.92493317,0.02744,8113.481483,0.2728,16.346,14.955,14.255,13.877,13.618
Sy2,191.8632445,44.95395237,0.07732,22286.29547,,17.851,16.098,15.223,14.811,14.474
Sy2,225.2631343,41.00877477,0.09338,26692.74224,,19.293,17.533,16.662,16.254,15.951
Sy1,227.5591947,-0.026366582,0.09324,26654.65726,,18.721,17.308,16.634,16.245,15.983
Sy2,141.86255,38.37682222,0.14296,39821.96341,,19.447,17.59,16.498,15.989,15.731
Sy1,208.9122502,17.96802984,0.73,149629.6901,,20.9419,20.6022,20.6034,20.5722,20.253
Sy2,120.7902283,13.79038156,0.09852,28087.03097,0.8191,19.19,17.33,16.493,16.125,15.826
Sy1,147.6945903,65.32285742,0.285,73638.54198,0.4356,19.194,19.106,18.875,18.883,18.343
Sy1,221.4445265,43.2740197,0.1792,48973.90721,0.039,19.089,18.802,18.361,18.006,18.034
Sy1,186.4247921,20.91758225,0.33381,84040.63392,0.0319,16.634,16.481,16.398,16.486,16.245
Sy2,155.88814,22.79600726,0.078,22474.4093,0.1867,17.727,16.423,15.644,15.23,14.967
Sy1,10.185841,-1.085006,0.0902,25826.2518,,19.938,19.072,18.727,18.434,18.258
Sy1,221.9423191,44.46820735,0.29338,75466.74079,0.3753,19.751,19.514,18.966,18.63,18.175
Sy1,222.0807274,44.54242574,0.07976,22960.65886,,17.881,16.187,15.209,14.745,14.435
Sy2,151.3733549,27.97896122,0.0556,16205.75498,,18.021,16.366,15.685,15.261,14.977
Sy2,184.9614055,16.42803832,0.1152,32558.57865,,18.925,17.095,16.068,15.571,15.198
Sy2,355.8251096,0.442471687,0.03725,10959.4177,,19.16,17.624,16.857,16.474,16.196
Sy2,159.0351206,34.9090461,0.05861,17056.7567,,17.406,15.382,14.521,14.097,13.815
Sy1,216.5353208,42.79717346,0.09762,27843.45322,0.2121,18.373,17.178,16.343,15.882,15.599
Sy1,236.2561477,11.58833887,0.23694,62804.29884,,18.064,17.9758,17.7603,17.4657,17.3811
Sy1,158.274299,39.87424598,0.14256,39718.87386,0.4315,18.813,17.661,16.747,16.266,15.838
Sy2,169.3420543,32.70935849,0.03404,10031.34453,,17.812,15.934,15.137,14.742,14.453
Sy2,170.0361685,34.31272888,0.0367,10800.62054,0.898,17.751,16.384,15.696,15.332,15.045
Sy2,255.003281,61.373658,0.15219,42188.09747,,20.052,18.568,17.694,17.198,16.841
Sy2,172.6070108,35.06436278,0.03401,10022.65643,,17.91,16.345,15.614,15.275,15.019
Sy1,163.8314036,40.45484185,0.11993,33811.8776,,17.133,16.954,16.716,16.249,16.34
Sy2,166.9811257,41.77649423,0.11389,32210.32408,,19.683,18.022,17.283,16.959,16.715
Sy1,165.4201402,41.5720662,0.11557,32656.8505,0.2296,19.25,17.771,16.884,16.45,16.153
Sy2,165.3915219,45.65386588,0.02941,8687.298178,1.6149,15.71,14.17,13.531,13.189,12.908
Sy1,157.8488875,42.57759437,0.37643,92650.43632,0.2826,19.6717,19.3955,19.0003,18.8296,18.3464
Sy1,227.3174189,61.62132065,0.20136,54389.39795,0.2773,19.047,18.883,18.48,18.09,18.007
Sy1,184.9519474,18.29194488,0.22084,59038.84222,0.3085,19.575,19.104,18.437,17.974,17.724
Sy1,219.2782525,42.03317072,0.24865,65499.68645,0.2222,19.082,18.836,18.269,17.894,17.59
Sy1,220.1131898,43.06819569,0.22856,60853.04955,0.2318,19.452,19.181,18.697,18.297,18.245
Sy1,139.5331962,64.05864334,0.22364,59698.69571,,20.369,19.656,18.822,18.276,18.072
Sy1,59.39162941,-5.622118611,0.20373,54960.58311,,20.35,19.735,19.351,18.971,18.99
Sy1,9.954619,0.091088,0.795,157778.8707,,21.9813,21.6669,21.1318,20.8108,20.4644
Sy1,201.2690307,-0.623600678,0.72,148320.9251,,21.265,20.192,19.833,19.606,19.411
Sy1,200.4319468,-0.459421326,0.344,86138.45648,,20.115,19.845,19.527,19.425,19.062
Sy1,21.284135,-0.457237,0.05632,16409.56182,,19.586,18.135,17.501,17.121,16.83
Sy1,194.8863127,19.65298759,0.12707,35691.49948,0.2022,18.09,16.992,16.173,15.669,15.423
Sy1,9.988415,11.762321,0.697,145252.6557,,24.843,21.8928,21.5058,20.8056,20.5001
Sy1,23.090275,-1.183421,0.095589463,27293.0342,,19.436,18.352,17.946,17.606,17.485
Sy1,217.0753529,39.52213939,0.1401,39083.86875,0.0221,18.716,18.119,17.55,17.103,16.943
Sy1,10.48660322,1.280218466,0.596,130762.7412,,20.6024,20.3091,20.3011,20.2426,20.1552
Sy2,242.4726725,13.52994731,0.03573,10520.33993,,17.84,16.085,15.17,14.668,14.239
Sy1,203.2684628,1.001051106,0.81,159574.7559,,20.801,20.252,20.192,20.21,20.159
Sy1,30.9871512,-8.132965031,0.18855,51275.41574,,19.17,18.851,18.621,18.551,18.78
Sy1,10.52406458,5.275619297,0.6854,143673.8551,,21.6471,21.1894,21.2057,21.0953,20.6119
Sy1,193.237552,25.41777569,0.29584,76000.04839,0.0796,18.54,18.358,18.112,18.11,17.8
Sy1,193.3670778,25.56905632,0.1417,39497.0767,0.3925,17.744,16.847,16.162,15.774,15.559
Sy1,208.3393871,37.51498091,0.10657,30255.17764,0.2197,18.26,17.819,17.422,17.005,17.018
Sy1,114.0847494,63.69649207,0.3447,86281.64909,0.0246,,,,,
Sy2,306.0334052,-23.4630784,0.055211,16095.57856,,,,,,
Sy1,209.1125805,38.99451558,0.69754,145325.6349,,20.3377,19.9478,19.8969,19.9187,19.9192
Sy1,10.61134073,12.61142886,0.788,156930.1954,0.1202,20.9614,20.3796,20.1559,20.059,19.9131
Sy1,10.623209,16.920297,0.79528,157812.6765,,21.432,21.2379,21.0773,20.9622,20.4663
Sy1,325.4728525,31.85777181,0.043283,12695.35056,,,,,,
Sy1,205.583956,38.70271343,0.07879,22692.78203,0.5042,18.189,16.675,15.797,15.318,15.053
Sy1,189.1479837,24.88563342,0.2113,56774.73488,0.3701,19.072,18.26,17.389,16.923,16.697
Sy1,53.124901,-27.75827,1.222,198806.0615,,,,21.1696,21.141,21.0626
Sy1,10.65526384,-1.890242802,0.5704,126809.797,0.3477,19.647,19.266,19.2967,19.081,19.1219
Sy1,42.652982,1.228833,0.21,56464.29924,,19.942,19.046,18.341,17.94,17.736
Sy1,186.964087,24.30603035,0.15718,43457.22388,0.8136,18.892,18.773,18.462,18.089,18.089
Sy1,208.4413826,39.85043618,0.06282,18242.51506,,17.724,16.338,15.591,15.14,14.904
Sy2,239.8609776,26.778848,0.09932,28303.3457,,19.837,17.862,16.933,16.471,16.103
Sy1,208.8810263,40.26372312,0.13813,38574.10127,0.0384,18.149,17.363,16.761,16.281,16.072
Sy1,84.98625,-28.84083333,0.9,169730.6541,,,,,,
Sy2,187.4185591,25.1951675,0.05724,16669.75748,,18.43,16.922,16.217,15.833,15.561
Sy1,187.0532685,25.82634069,0.06684,19369.85292,,18.093,17.122,16.52,16.164,15.931
Sy1,207.6043879,40.47146534,0.15614,43193.29805,,19.317,18.573,17.945,17.472,17.431
Sy1,42.177994,-0.803685,0.15,41628.87738,,20.144,19.14,18.53,18.162,17.993
Sy2,189.3059547,25.87780989,0.13018,36505.61959,0.3276,19.642,17.994,17.239,16.918,16.653
Sy1,191.1554922,29.78149445,0.13837,38636.26431,,20.041,18.553,17.605,17.187,16.85
Sy1,214.503997,16.880631,0.4242,101801.5457,,24.17,21.8054,20.847,20.3488,19.905
Sy2,169.9326711,10.84365798,0.1771,48453.64967,0.8475,19.422,17.978,17.371,17.031,16.802
Sy1,330.6880476,-13.0815515,0.039243816,11534.31918,,,,,,
Sy1,170.1191402,10.86426221,0.17596,48170.70932,,19.687,19.027,18.398,18.018,17.885
Sy1,167.7006328,11.34270518,0.25316,66528.14633,1.1346,20.15,19.7,19.11,18.72,18.37
Sy1,167.6915113,11.6115521,0.04217,12375.91339,,16.411,15.058,14.37,13.976,13.679
Sy1,194.7830605,21.94095984,0.473,110632.7803,,21.4181,21.1352,21.0894,21.0442,20.5218
Sy1,261.986895,58.2016477,0.41387,99866.0683,,19.8171,19.4846,19.2112,19.0681,18.9156
Sy1,10.538519,-0.087889,0.01795,5332.985324,,18.257,17.087,16.705,16.519,16.361
Sy1,263.6155329,54.68984082,0.46981,110070.8953,,20.1904,19.8366,19.7235,19.4451,19.162
Sy1,265.4437158,54.02952286,0.41603,100272.727,0.1229,19.4472,19.2101,19.0342,18.866,18.6334
Sy1,190.2652891,27.59056199,0.20074,54239.72035,,18.581,18.304,17.829,17.409,17.357
Sy2,35.6777,86.3128,0.184,50158.45996,,,,,,
Sy2,45.71625,-18.40666667,0.0891,25525.83172,,,,,,
Sy1,209.9872664,42.03819777,0.12096,34083.93621,0.6023,19.88,18.55,17.682,17.2,16.836
Sy1,10.86050373,-1.552410376,0.698,145387.7664,,20.6644,20.2545,20.1563,20.0702,19.7044
Sy1,132.8358681,57.05509666,0.335927,84478.52415,0.1826,19.0425,18.7554,18.4339,18.4093,17.8546
Sy1,191.2410776,27.48495527,0.20474,55203.53297,2.5179,19.538,19.078,18.52,18.092,17.936
Sy1,13.252188,15.024916,0.039190634,11519,,18.553,17.928,17.872,17.714,17.56
Sy1,190.979681,28.31929427,0.06709,19439.80283,,17.664,16.061,15.312,14.908,14.631
Sy1,144.9325692,2.394083197,0.4417,105027.1073,1.01,19.6767,19.4579,19.4832,19.2703,19.1097
Sy1,167.939265,12.14514685,0.17185,47147.62207,,19.915,19.257,18.684,18.248,18.11
Sy1,10.91058981,-0.970750102,0.5591,125026.7554,,19.1681,18.7591,18.7048,18.5402,18.6075
Sy1,187.619821,23.15000759,0.22117,59116.7204,0.476,19.973,19.336,18.703,18.196,18.108
Sy1,196.4357212,36.2022311,0.14644,40716.91737,1.6131,20.305,19.584,18.931,18.523,18.444
Sy1,227.9469503,22.43324787,0.17672,48359.3765,0.2142,19.665,18.593,17.814,17.391,17.093
Sy1,188.2032787,23.93961026,0.19617,53133.19993,0.8358,19.417,18.936,18.316,17.898,17.693
Sy1,190.0674565,23.75821653,0.11442,32351.28092,,18.755,17.875,17.393,17.032,16.895
Sy1,187.4494242,21.29118388,0.12799,35932.6224,0.004,17.954,17.323,16.916,16.604,16.25
Sy1,187.3983687,21.62145938,0.34843,87042.68373,0.1899,19.649,19.466,19.243,19.128,18.694
Sy1,213.8201398,13.10124697,0.13879,38745.00997,,19.58,19.028,18.489,18.106,17.946
Sy1,187.4746721,21.90578892,0.07657,22078.65874,,19.204,17.559,16.729,16.344,16.031
Sy1,10.21728844,0.015910834,0.40596,98368.002,0.0547,18.2376,18.0305,17.9172,17.9744,17.8163
Sy1,186.6928944,22.7921585,0.20197,54536.5587,0.7517,19.794,19.383,18.766,18.375,18.225
Sy1,166.8240634,8.077269278,0.20047,54174.50526,,17.4862,17.5759,17.4209,16.9476,16.9983
Sy1,142.9578674,55.08759558,0.56837,126491.2239,,19.3064,18.962,19.0352,18.9363,18.9179
Sy1,183.6007525,21.81235681,0.12196,34347.7774,2.0292,18.51,17.619,17.089,16.717,16.555
Sy1,184.4260673,22.81207668,0.10136,28854.10175,0.1332,18.103,17.074,16.486,16.042,15.83
Sy2,184.5468404,22.86281641,0.07585,21879.17128,,17.645,16.062,15.314,14.9,14.615
Sy1,186.4973909,23.35959028,0.16056,44312.87205,0.0373,18.111,17.99,17.616,17.209,17.122
Sy1,141.1620416,56.12968627,0.02502,7407.000845,,16.56,14.82,13.948,13.558,13.196
Sy1,10.28065757,17.5059317,0.787,156808.4001,3.2586,21.6851,21.081,20.935,21.1491,20.5999
Sy1,185.5610249,24.405725,0.11675,32969.99294,0.3062,19.86,18.42,17.495,16.918,16.745
Sy1,190.8617034,20.05828418,0.20416,55064.05127,,20.133,19.464,18.798,18.352,18.202
Sy1,191.0844047,20.09334519,0.17497,47924.70375,0.1564,20.659,19.107,18.07,17.597,17.251
Sy2,191.1289159,21.43337462,0.11554,32648.88399,2.0472,18.31,17.181,16.478,15.999,15.772
Sy2,193.5461362,22.49318003,0.17292,47414.42789,,20.212,18.533,17.451,16.945,16.607
Sy1,193.1360963,22.56058871,0.21132,56779.50723,,19.541,19.108,18.371,17.766,17.663
Sy1,192.2794476,22.56663952,0.1906,51776.78798,0.6249,18.477,17.69,17.08,16.678,16.489
Sy1,121.1041623,60.66890675,0.689,144166.1056,,,,,,
Sy1,189.8527916,21.61356614,0.10452,29704.83507,,19.3,17.967,17.127,16.655,16.372
Sy1,122.7291926,62.05455548,0.173419973,47538.98702,0.0098,,,,,
Sy1,10.36201958,2.605188402,0.67,141544.7038,1.0924,20.6113,20.0431,20.0726,19.8748,19.744
Sy1,217.5068502,45.84695806,0.09353,26733.5412,0.0806,18.874,18.21,17.786,17.277,17.357
Sy1,191.6103751,23.45538601,0.25421,66766.82248,0.6897,19.06,18.752,18.344,18.129,17.879
Sy1,190.8659885,23.46984129,0.21183,56901.16536,,19.236,18.808,18.248,17.789,17.677
Sy2,224.8533625,-16.69348611,0.011535,3438.162688,,,,,,
Sy1,10.42685339,15.55190569,0.74878,152047.0872,,20.7531,20.4868,20.4302,20.1613,19.7751
Sy1,109.9822782,60.23609352,0.041,12039.7185,0.9275,,,,,
Sy1,316.998831,-37.90252352,0.049,14330.341,0.0534,,,,,
Sy1,193.7668388,22.5534643,0.08618,24726.62905,0.3533,18.993,17.813,17.066,16.537,16.337
Sy2,218.3648548,46.46826954,0.072506,20950.6561,,17.293,15.49,14.636,14.226,13.935
Sy1,217.96133,46.64549199,0.20407,55042.39933,0.8797,19.515,18.498,17.707,17.191,16.961
Sy1,10.45128836,15.06833403,0.39706,96665.66746,,21.0644,20.5063,19.5801,19.2374,18.8706
Sy1,194.714397,23.92407401,0.074528226,21512.5543,,,,,,
Sy2,208.4266148,36.15830173,0.10824,30702.60075,1.818,20.111,18.474,17.615,17.203,16.929
Sy1,11.54732225,-0.086028991,0.11421,32295.43984,,18.457,17.243,16.544,16.165,15.897
Sy1,14.39253277,-0.841934145,0.181445525,49528.85913,,20.673,19.994,19.246,18.845,18.715
Sy1,18.73878323,-0.044821785,0.04834,14142.08651,,18.846,17.463,16.92,16.624,16.464
Sy2,17.91998091,-0.762572499,0.13172,36907.72317,,19.7,17.863,16.873,16.391,16.06
Sy1,214.3012333,51.94597778,0.554,124214.2253,,22.0293,21.9783,21.9255,21.5354,20.9983
Sy1,21.19931714,-0.478635823,0.077,22197.7241,,20.146,18.086,17.07,16.588,16.185
Sy1,23.32424127,-0.322334916,0.08116,23346.79618,,18.712,17.74,17.322,16.981,16.833
Sy1,29.43702476,-0.740726477,0.05916,17211.96452,,19.585,18.717,18.344,18.003,17.912
Sy1,214.3953417,51.7105,0.8,158380.9212,,22.7208,21.9045,21.6599,21.6644,21.4639
Sy1,31.54331053,-0.129806353,0.04755,13916.58099,,17.674,16.578,16.11,15.817,15.543
Sy1,212.3153933,53.45607371,0.25872,67788.71431,,20.4445,20.1409,19.2351,18.8739,18.546
Sy1,35.98170296,-0.147076872,0.26976,70267.86044,,20.381,20.095,19.676,19.431,19.098
Sy1,170.8382334,13.73934573,0.24517,64702.4508,0.1918,19.427,18.948,18.422,18.109,17.905
Sy1,40.74351751,-1.057761604,0.18,49171.77751,0.0511,20.086,19.392,18.739,18.3,18.095
Sy1,205.8949367,41.64248935,0.16337,45021.77099,1.4335,18.29,17.748,17.034,16.567,16.29
Sy1,42.41558039,-1.197589709,0.068,19694.2642,,19.6,18.882,19.113,18.644,19.01
Sy1,24.93646136,-0.467730213,0.089865503,25734.93516,,19.583,18.827,18.565,18.138,18.033
Sy1,347.2619215,0.266950026,0.03251,9587.908513,,17.305,15.925,15.3,14.954,14.611
Sy2,41.01251849,53.47452372,0.036,10598.38441,,,,,,
Sy1,348.9012257,1.146418506,0.07174,20737.49875,2.8601,20.077,19.428,19.224,18.867,18.897
Sy1,205.5615469,41.79133385,0.26956,70223.22913,0.3135,19.56,19.333,19.046,18.86,18.519
Sy1,359.3406579,0.435177252,0.09226,26387.90154,,18.118,17.287,17.005,16.635,16.632
Sy1,1.297671387,0.972382953,0.36,89382.25446,1.1673,19.708,19.179,18.514,18.378,18.054
Sy1,10.44210698,1.177067331,0.01819,5403.635789,,16.535,15.122,14.545,14.222,14.053
Sy2,10.96471556,0.104600288,0.1079,30611.57444,,,,16.75,,
Sy1,11.48763005,0.006574696,0.11029,31250.7232,,20.298,18.266,17.307,16.902,16.532
Sy1,13.19862838,1.185250784,0.043673547,12807.35214,,19.144,18.018,17.597,17.369,17.239
Sy2,14.9068594,0.315740472,0.09099,26041.78893,,18.847,17.432,16.735,16.289,16.004
Sy2,159.1491457,5.910577762,0.011777449,3510,,15.81,14.47,13.822,13.505,13.232
Sy1,21.74717394,1.190641633,0.23137,61509.43547,,20.75,19.368,18.4,17.925,17.593
Sy1,23.43586897,0.953131468,0.01924,5712.52874,,18.642,17.792,17.721,17.717,17.606
Sy2,28.293214,1.099061,0.05896,17155.5357,,19.093,17.359,16.516,16.103,15.806
Sy1,37.14011384,0.436112501,0.09,25771.65639,,19.223,18.31,17.989,17.649,17.591
Sy2,172.9365754,15.36029091,0.07869,22665.15009,1.0214,18.946,17.705,17.031,16.582,16.353
Sy1,170.7952078,14.15906221,0.26041,68170.27334,,19.322,18.999,18.33,17.989,17.568
Sy1,41.428127,-0.797091,0.04,11752.0487,,18.611,17.608,17.359,17.173,17.023
Sy1,219.9411139,-1.794964149,0.71798,148054.7124,,19.3291,19.0425,19.0458,18.9599,18.8932
Sy1,116.737371,41.124303,0.08,23026.89485,,19.327,18.487,18.181,17.958,17.967
Sy2,165.016086,13.36379794,0.06428,18652.50017,,19.35,17.866,17.229,16.823,16.598
Sy2,215.8188919,46.14564987,0.07324,21154.74597,,18.01,16.304,15.485,14.983,14.673
Sy1,31.70747,-0.451186,0.06,17448.83585,,19.806,18.713,18.321,18.03,17.913
Sy1,25.679882,-0.108632,0.114259045,32308.48259,,20.193,19.287,18.791,18.456,18.304
Sy1,35.927751,-0.826464,0.11319,32024.02975,,19.51,18.341,17.765,17.396,17.167
Sy1,167.9066318,14.02168576,0.11066,31349.52243,0.6734,19.744,18.477,17.598,17.148,16.854
Sy1,205.7610636,44.83846463,0.06238,18118.83394,,17.28,15.746,15.031,14.578,14.308
Sy2,244.6448739,12.70453479,0.04958,14495.66968,,18.561,16.862,15.982,15.503,15.092
Sy1,12.31989802,1.015572149,0.193033542,52370.45791,,19.972,18.656,17.8,17.386,17.103
Sy1,163.9217011,13.9070823,0.09881,28165.46668,1.235,19.232,18.118,17.622,17.237,17.049
Sy1,10.93433625,2.075812612,0.71669,147884.3795,,20.5854,20.2623,20.1256,20.2189,19.9763
Sy1,204.4306044,45.29527087,0.06385,18531.8168,0.0149,17.145,15.756,15.097,14.741,14.449
Sy1,258.1196647,64.1090927,0.07417,21413.10529,0.3892,18.627,17.779,17.483,17.19,17.13
Sy1,253.043122,63.475704,0.09,25771.65639,,19.123,18.241,17.817,17.438,17.327
Sy1,349.949183,0.086602409,0.18,49171.77751,,20.218,19.14,18.392,17.92,17.705
Sy1,98.04569781,67.72877829,0.23,61189.68192,0.0435,,,,,
Sy1,325.7753666,-29.97132371,0.120299891,33909.61388,0.0386,,,,,
Sy2,206.534072,45.90392265,0.08639,24784.18958,3.045,19.15,17.341,16.486,16.05,15.735
Sy1,206.3142832,46.23690089,0.15427,42717.9692,0.2836,18.975,18.561,18.093,17.71,17.559
Sy1,171.1253061,2.984285305,0.03352,9880.712728,,15.975,15.157,14.993,14.833,14.759
Sy1,207.3687678,46.19055224,0.13134,36808.56614,,17.884,17.497,16.949,16.463,16.311
Sy1,176.722477,19.85717235,0.08218,23627.76116,0.4282,19.116,18.065,17.414,16.978,16.731
Sy2,206.9904301,46.9097214,0.02765,8174.705036,0.0062,19.007,17.545,16.912,16.596,16.346
Sy2,172.5497625,1.82735352,0.0501,14643.81023,,17.312,15.837,15.207,14.838,14.608
Sy2,126.2163657,20.99121857,0.02294,6798.37734,,17.772,16.001,15.187,14.708,14.308
Sy1,243.350809,-9.293785909,0.128588959,36089.47259,0.0321,,,,,
Sy1,121.4340589,11.51120389,0.19912,53848.13015,,,,,,
